-8.147710256857875e-06,2.3936690873607003e-06,-0.0032005130387415194,0.01117527981474091,-0.0003661317509869688,1.585706629652337e-11,4.1467771133063226e-08,7.5346351970620015e-06,-0.0008138492633286957,-4.0869219694600014e-05,7.434825296731228e-07,-1.106376408265394e-08,0.00011584993661880788,-0.1523195278386492,-0.0005477860569022708,-3.526742691635608e-08,1.7418115290934082e-06,-1.4286019249960999e-05,3.488605808121856e-10,-1.6261752899509304e-09,-0.0002928598986094648,9.606695447084236e-08,2.8841420689505257e-06,-4.4422012370934365e-08,-0.6455899481012393,-0.00010175703901844216,0.001051764279888108,6.28369529410455e-05,-1.5069794897430265e-09,-5.818118282884742e-05
7.77339946713791e-08,-7.234675339796127e-06,0.0005877800005684747,-0.06591961242994211,-0.0013417072120874526,-5.465310583694022e-09,-7.034122893961842e-10,-1.0556737061672452e-06,-9.284921416944029e-07,3.386517165235928e-08,3.208869388443141e-05,-2.2067637783526042e-05,0.00196256251214858,-9.510378786146696e-07,0.0008173696568749769,0.4310739183621923,-4.7471359826243934e-08,0.045056844070754144,-1.9216519797701443e-09,-5.374633257288438e-11,5.881642210483736e-07,1.7560102305475355e-09,-5.675154267817626e-07,-0.0002161190841333055,2.795873167979235e-07,3.593876111018974e-05,-9.003807114645538e-06,2.9564302241911695e-07,-0.0010561924056075422,0.0009180010656441156
-4.1088042447502895e-13,-9.777353521274218e-08,0.001499556471058002,1.2696086307563396e-05,1.636239086041255e-06,4.50189210867006e-06,4.922076864291748e-09,2.1706344216951373e-09,1.9750074505204355e-07,0.00014711983016715558,8.472691320057092e-07,-6.91234182660985e-07,-4.751617725035707e-05,8.249260632075547e-10,0.0007343842457969037,7.865679953391274e-10,-1.5978653766729076e-09,-0.00033583846848546785,-5.851410886486066e-05,0.006542969633234497,-0.0012781230232716285,1.3668656783480582e-07,2.205062708091455e-10,6.885024117227616e-12,-0.0002909024326135594,-4.201719320351496e-05,5.333729238893233e-07,-2.2304168971678245e-05,-7.625246215915634e-05,5.179605642869786e-07
-0.0002554373561883171,7.138244947213583e-11,1.5102941672836752e-05,7.65710025393485e-11,-3.2984659335300894e-10,0.0012901408591817205,8.906255248019427e-07,-4.43325258220111e-07,-5.193379921160298e-07,-1.7657692851404657e-07,3.976766814516259e-07,-3.694254548788302e-05,-0.004485612163605878,8.434939571612275e-07,-3.0750181792213307e-10,6.1763633002770875e-09,4.6969758959875755e-07,5.634935032617768e-07,-2.6926363832962984e-05,-4.432587272238964e-10,2.437057520654808e-06,2.9228761755081897e-05,-4.907495409440516e-05,-1.2868511243634386e-05,3.2458464758154996e-06,-2.2627337611469296e-10,8.370383335757996e-07,-0.019309044529618208,1.7208330091536442e-08,0.00030898730458152953
-8.622943197325008e-08,2.524204305739726e-12,0.00860220074114028,2.7761847967614437e-09,-0.0005130396181818443,-2.5678566100607292e-06,6.375587316646263e-08,-1.2467281518350487e-06,-7.466911454296521e-11,-0.00011336690349313633,0.022287484199675595,1.056463849856148e-08,6.252489117353268e-11,5.101317904681027e-05,-0.00012855719132283286,4.607822229835482e-06,2.1048452419952146e-07,2.767994797053741e-06,-4.847240705714229e-07,0.0026316210494995392,-2.1104896229702726e-07,1.4870688520785115e-10,-6.239276590291018e-07,-7.650997132220618e-06,0.0001309093006931863,0.001954047167662891,7.824785043280114e-07,-1.4031253449601162e-05,-3.866729337144909e-06,-2.2861110331916265e-05
-0.00019260764403009173,-6.7064680335102444e-12,-9.1263592781348e-08,4.836284476757659e-07,-0.0004149023640236053,-1.1260879165439868e-08,-1.833662873444986e-09,-0.0003554917733733439,-9.412317259516736e-09,2.77477415938281e-06,2.9037282684029544e-07,-9.36296380179262e-07,-0.00016229535952502657,-5.743466601381121e-07,-1.0984013961143806e-09,-5.361435230827941e-07,-1.2768717549911907e-08,-0.005917729617840154,1.062592537990307e-07,1.4642758004279233e-10,-1.8065036280537337,-4.882320559390001e-09,3.383785453922193e-07,-1.4548709288962293e-05,-3.7326550048268456e-05,4.278201216500376e-05,-3.275526668154228e-07,-8.239452804720979e-08,-0.5004150238283098,-2.1047008815146983e-08
8.490097327300704e-14,1.4158291320123292e-10,4.043786518547483e-06,-3.6099106782261746e-08,-2.314930758979276e-07,-6.155563569938747e-06,-7.575785182333746e-13,1.9822243047676558e-07,-4.1846466608319646e-08,0.00040201014161740233,-2.630462506619221e-06,0.10866693513165504,7.450474130330692e-07,8.343784431545912e-08,6.592851186494737e-05,3.145142655891257e-07,-3.0181919907401114e-08,2.953605192301311e-07,5.760505569301351e-06,-3.768522328747247e-09,6.525052582347923e-06,-4.7463444172284577e-07,1.4839085439443203e-06,0.0014857774771351473,6.884037755926011e-05,1.7215891852279756e-09,3.183889995998153e-05,3.729955502428424e-08,-6.131013541187511e-07,-4.507618420016599e-05
-5.843136185637812e-10,5.045512773361287e-09,1.0960325271242294e-05,0.0002552903812247993,-3.1846804512579348e-06,-3.78209447467898e-10,-1.5195956882378556e-05,4.179636338695907e-06,0.23532481659046886,-6.808212934269817e-06,-1.105019049630356e-05,-0.0004956990696014585,-1.5469712042030286e-06,-1.5902028664545682e-07,-4.999528527485047e-06,-0.0025717093377771354,0.0001479920343254125,-1.9736253373386877e-09,-4.4442910290686015e-05,-0.09015177461488456,1.0158062196176165e-06,0.0007957915231674742,-5.099883528542479e-12,-0.0004827852328124252,-2.613069564268689e-07,-0.0006977972528414754,6.745071290282592e-07,9.057863806933991e-06,6.043268023052114e-07,-4.591670170026538e-10
-3.078583810007013e-09,1.9209477662082366e-06,2.525240221953786e-09,1.6032779533471663e-05,7.271175881279624e-05,-2.438780953229368e-09,-3.069273507863247e-09,4.7616341142980176e-07,-6.715699473706483e-10,3.8504237627633326e-06,0.020019761883382867,0.0013503339370035563,0.001972006225612952,1.0874488107684933e-08,-5.584616357089743e-06,2.3803632765382188e-08,0.00010612875955037935,-4.757078590485375e-05,-0.0005104718262934478,-6.74345987975543e-09,-3.143851782518301e-09,0.00013203693046947692,-1.4804374505020795e-05,-7.634867323557054e-13,1.1121193013761542e-08,0.0023411069034066376,4.046188024701852e-10,3.036418175064663e-07,1.2086058245584102e-05,1.3940623151467266e-05
-4.546461464548271e-05,-6.555723270835e-11,9.434897780415237e-11,2.708420523222561e-10,1.1224464293384037e-07,0.0005398012521531839,-5.830860323656121e-06,5.8953453236331884e-05,-1.2318448629121892e-06,7.818668300097309e-07,-6.873114377272334e-07,3.636345445242172e-05,-8.067729937609069e-05,1.943326499875725e-05,-2.0521890656022515e-06,-1.4947664007814002e-05,0.00019972902632343217,0.18227847061676544,2.9211356488925987e-07,-8.544026607169924e-13,1.716972477293591e-08,-0.00020326111248524767,3.155374448724972e-09,-5.0856043670823505e-09,0.0017481905310988248,1.4736485266168975e-06,-1.1874026066501092e-06,0.032738157954139466,-1.9326752670499147e-09,-9.159472643862987e-12
-4.611448404442571e-05,-1.6043480108935578e-06,-3.2693974176238033e-09,-5.538406985981043e-07,-7.728253071602548e-10,0.003402822583633295,6.252702814471819e-11,2.2864882863677234e-09,5.606830584210974e-09,1.3361975743731869e-08,-0.017059081960593168,-2.456002490544213e-06,4.604685324254634e-09,0.009182742427248071,-2.513066712418782e-09,2.7640181497549746e-09,-2.547879094503098e-06,8.372928611534721e-09,-0.0003870289580809273,-4.251150639571976e-08,-8.732142624173165e-06,3.344830236106787e-08,-9.619198087171723e-07,-3.796138869137622e-05,2.7787147606040187e-06,0.00015992179507178384,-0.001988665818995763,-3.039862109397587e-08,-3.217859581760884e-08,0.0007558257767905688
6.227863695271133e-08,-0.0028838401506797364,-2.1211362255198947e-08,4.6552522687780326e-09,0.0045804104234824896,-4.055637475315624e-05,-1.8630780443926332e-05,-1.729915312567336e-10,7.326551994869777e-05,3.5636574095188486e-06,-1.0051997320076885e-06,1.0743824081007969e-05,-0.0006103186760310104,0.0002225940349446021,-1.191473051052637e-09,0.0007640252241842531,2.362843107779212e-05,5.283121930854141e-10,0.015192907364981028,-0.0006403476526962749,1.0017737467561727e-06,-0.00036147337077119815,5.166513244125191e-07,0.00019050396158360017,1.1977474474917783e-12,0.0029464718568714392,-9.88309764784504e-18,-7.553864208937602e-05,-1.0319875183151188e-12,-0.002743557217267732
-4.9333409292895254e-05,0.1408513353823239,-6.471349043203221e-11,-1.572147859660385e-07,0.0003129165587400636,-1.1680244651403072e-06,6.564966424294085e-08,-1.3943339445114068e-07,1.2043102749009198e-05,-9.651866396269178e-05,-1.8023262755135802e-10,-6.253323456806498e-09,-1.176508825343356e-06,-2.359491250838243e-06,-0.021046524396203928,-6.305105077633137e-05,9.975781985474804e-12,-1.1760512654069665e-06,-0.0005224165587751707,5.407643460942248e-06,1.2784285294596756e-06,0.12938997926575993,3.124006574380612e-05,-2.931870608408264e-06,1.5468676836730995e-11,2.8735413575999363e-08,-1.2581938419038726e-11,-3.748397235202922e-10,-0.007025471084476393,1.5308462602838498e-06
2.888147156578449e-13,-3.0623567101752305e-05,-5.957786368619602e-09,5.558896025699014e-11,-1.1685782458711898e-06,-1.0017626291408852e-08,2.274420695834037e-06,-1.5799996995518245e-09,1.0440782468087207e-10,-0.001953548076136055,0.00031523812511968053,-3.5497320042592553e-06,-6.074283207452518e-07,7.282249383905979e-11,1.1653954921253068e-07,-6.338590849518571e-08,2.3594019312263976e-08,2.196761746331264e-11,6.462164109480031e-12,-1.0060570984589269e-07,-1.992707025371521e-07,1.3213802878994225e-09,-1.1281972511655303e-08,0.0012759312661453307,-8.016083055155412e-08,-2.996106169788159e-06,-3.6979949138621155e-08,-0.0005020482312157134,3.593554081974201e-08,-1.8585182383734782e-07
-4.9199783175797524e-05,-4.2068239711727915e-12,6.051341284804477e-07,1.4765499846591155e-05,-3.24597988793039e-08,-2.652634751628718e-06,-5.291963383963204e-07,12.371026884715981,-0.0012557268070793712,7.836856439778912e-08,1.1426493565872242e-09,-3.7857253306435025e-05,-0.00011132866354278654,4.2998415605909744e-05,-3.0120737790166563e-06,-0.0011647356818739465,0.00012774605445083916,-1.961186972272898e-08,5.311804444346235e-05,1.818379103734872e-05,-4.000593845492503e-06,0.0010825435875650706,-2.4748036839978755e-06,-0.000732109502119279,-2.519637887457015e-11,-6.862918388613123e-09,-6.302328553550505e-08,-2.8853071322108974e-06,2.3307622323604714e-08,-1.8355535039902653e-09
1.0764845945956745e-08,-6.581342616480576e-05,2.4115484068037145e-05,0.0044008372523468425,1.9890786598940466e-06,6.273990660937208e-07,-3.2647634953436365e-06,1.529392907694646e-06,-0.00013303061417149805,-1.9582537820127123e-08,-3.922895324347272e-07,2.05293948225582e-06,0.00012209824942724766,-3.3410845113228633e-07,1.6855571700656347e-12,0.00027372193456846417,-1.7114830393841852e-08,-3.1009645711301286e-13,-5.590895341865747e-11,-3.7371055017554287e-08,-1.2520001051643264e-06,-8.22762083830132e-15,-3.919635229053525e-05,0.000155710593052307,0.5903866868101402,1.242206403328319e-06,0.0020071966150240666,1.9284491642307446e-05,-1.5333148417807794e-09,-1.0282126268595473e-07
-9.174939797392379e-05,9.54159761245178e-06,-0.0004742563859123956,1.2989775357514515e-08,-0.012584549751939872,-1.816004853442213e-05,-1.3046110485638591e-08,7.26566828065924e-08,5.564744377152945e-08,7.522119485921647e-09,-0.0003967648923725115,1.9182694909165784e-05,-1.1408885696566213e-07,1.6528500128105902e-10,-1.2763426829961372e-06,-2.5706389746622198e-09,3.696453212564399e-05,2.3291425353521443e-07,-6.894158077424805e-05,2.7034540224217283,4.343515999701279e-09,-4.7502048281305706e-07,-0.0005417930217876843,-5.5093573852736175e-12,-2.3717766425802297e-08,2.540278416756735e-08,2.26640207650076e-07,4.608895517133237e-16,8.57988285362994e-13,-0.00014826505221823502
-9.490523990209312e-11,2.9592741312541144e-09,5.8803281177810045e-05,-0.023919082494632163,3.4793905200629447e-10,0.003222291784815706,-4.75203776442617e-07,6.31509722799175e-06,-3.5493537266759232e-09,-1.938163750455524e-11,5.568300686856907e-06,2.6565695194794208e-08,3.19150341557416e-05,-5.912578093783557e-09,4.304766321349121e-06,2.570267940485217e-10,0.000713936660470675,0.00036001686939129675,0.0031249192216767233,8.072995953783294e-07,-4.002679060949149e-08,-1.0167719014273587e-05,-7.027927930209034e-07,0.0009454353972077763,1.2935501341971658e-07,2.2238580673449906e-08,-0.00014450287625599167,0.02352318090930356,2.736543120806376e-05,1.375561886205697e-07
1.2567668454877702e-06,1.6556057088360904e-06,-5.1170104011121985e-09,6.529754962973838e-08,-5.3527041695752135e-09,-7.776936417151628e-07,3.910468818654984e-13,0.0004927836181573429,2.600192793427744e-09,0.04065885922450373,-1.4012465631658533e-08,9.635511971610385e-05,-2.3612944455901456e-05,-0.0014472282439574222,5.363080719636507e-13,-1.650339600220585e-07,1.3633822905679086e-07,1.7954794661597825e-12,5.710414090033196e-07,-1.22000236676898e-08,7.867180184271605e-05,0.0005176025095693481,6.402455505693708e-07,-0.0007436156808402982,5.9957315126805796e-05,7.385346407698451e-10,9.569154208870147e-05,-0.001305051157497792,3.5171473908212815e-05,4.374161593700672e-06
1.9635785451587338e-10,-1.5305832060243424e-10,-1.0965317752611343e-05,-6.87806433663716e-08,-1.9027143115140523e-07,-0.00010557651157545841,0.000848805815905777,-1.7872160810839072e-05,-0.00045152259587461445,-5.378147873385071e-07,-7.556490388186957e-09,7.950666974869388e-06,0.00032935934084526514,-1.9117248532618924e-05,4.158694614227527e-06,4.4545047606388157e-07,1.1988259955948127e-07,1.2356242893415284e-05,1.5632209713456638e-05,-7.820274784877092e-09,8.755957591433643e-06,1.582492927884815e-08,-2.2923052266716672e-06,5.4151127322918315e-11,-0.0020688582303317656,5.5339727243399436e-06,-1.8568148546545583e-08,-1.1400281816501657e-10,0.0066199633822473505,0.004778240342543104
1.6165148180774792e-07,1.7417842579161038e-06,-7.429294443621356e-06,2.5731257326892717e-09,1.4412314853114372e-08,1.7607163305763012e-06,1.4336100175290559e-06,-0.00037374028147250086,1.0866075343756622e-06,0.01589563007276483,7.720163944326022e-08,6.733573946928454e-11,2.356100725472164e-06,3.063272473322351e-07,-2.8325916972471425e-05,3.502797493024477e-13,-1.0955481891344295e-10,-3.557426814463622e-08,3.0624531545575522e-06,0.14699332081400696,5.4390547939684036e-08,-2.163640259591904e-12,0.00027550012889943656,-1.4629244423744287e-05,6.566369437141283e-06,2.6564861721684878e-08,1.2624691443600032e-12,0.0012498974394550078,-3.1001115189044025e-11,-9.333527059481303e-09
-0.00012141897376442163,0.0009100851713927656,-9.198095752952324e-05,-3.9293316779360714e-08,-2.7618516881892588e-06,-0.02259096080276005,-2.764589964259288e-09,0.0003585025684017668,-3.2781090892413315e-07,9.013192642032966e-10,-0.005681932874668188,-2.5857528097743748e-08,0.004728944959742267,-4.993495847692227e-08,-6.6623145531319604e-06,-1.9237464153446787e-06,1.5937768797147264e-07,2.955032819600542e-07,6.320655406674231e-09,-1.6730275474699224e-06,-6.199932689230237e-05,-4.105392138543049e-11,-2.2129282549798623e-05,0.011864360816202341,1.184438476522085e-05,-1.846625058394947e-06,-3.3813173730113955e-06,-1.2046550951876355e-05,-3.707968783938705e-11,-2.7578833061876892e-11
1.3650110372564894e-06,3.290602706244725e-08,-7.110928804102685e-14,1.7100002878572796e-08,-2.32044610773594e-06,1.7342900733757534e-08,-7.408676102239156e-10,2.063433942851763e-08,-3.2202351698994142e-09,-0.0010196495692963057,-6.79682032612553e-06,3.467744160081061e-09,-2.1055438266212007e-07,0.0007455884216799113,-0.0015538793308867475,-2.650853943899825e-07,0.00019702360435642125,8.319526634056349e-07,2.2177711235879226e-08,-9.947643467893801e-05,1.5725457678040404e-05,-1.1335690398553971e-08,-0.004985545717113715,1.870389349238409e-09,1.5784014644377684e-12,5.252667990316244e-07,-4.864675846823389e-08,0.00039029820492757634,-1.861828168329578e-05,9.503855544296195e-08
1.5957201523299177e-05,9.55982673091072e-11,8.049281199568207e-06,4.226112291452292e-05,1.8793888996221155e-07,5.681282951433059e-08,1.3990722791689383e-07,-2.944618474381054e-06,-1.5305167134304267e-05,7.728521656222883e-05,0.00024734752138525363,2.5262452776924285e-10,-7.310610339807184e-05,1.2390361539707928e-09,0.00015188078579036376,3.969155655986362e-05,0.0012901739622756556,1.4649140730643398e-09,-2.1314008379894466e-08,-2.089292978432915e-16,-2.3276812454094548e-07,-8.883061189758001e-05,4.8263611578838315e-05,0.00036775540010956163,1.4237804930086517e-10,1.3180236825941288e-07,-5.2162997931840305e-05,2.5613304159936324e-07,0.00026592061631763896,-0.0002225608698961414
-0.0015617137893806125,-1.9608757038892152e-08,2.667193318715049e-06,4.099952558929706e-07,0.0029376345398463553,9.910082395214461e-06,1.3469160085334353e-06,-3.2324142306586195e-07,0.0006065099220343911,3.814808726819647e-06,2.7537377899738284e-06,-1.524873860154527e-12,3.1832415665285695e-11,0.0002640378514373033,0.0005249265211608487,-6.866591668630421e-05,-1.3115805966210378e-07,0.00025417776035441367,0.0020723449189555773,-0.0053871908627474785,1.892838911026013e-08,-9.991480802504712e-08,2.7947670376650496e-07,-7.847655628783532e-07,7.513422529386183e-10,-0.0009046371862123764,2.000468277009106e-06,-1.6090996567118774e-13,-5.0723386119874066e-09,1.297952544904929e-05
2.3559583785230608e-07,2.8898041763972225e-05,-5.349425100891241e-12,1.3671595757882866e-10,-4.220859599945238e-07,-3.0608187561406843e-12,-6.178320027173427e-05,-0.0210413134833759,-2.573610072279892e-07,2.4774129214212453e-10,-1.211679323341755e-05,-2.0077169296638998e-08,2.972791032935909e-07,4.997433423774784e-06,-0.00010808510492317616,-4.461610903760953e-07,-4.1400120733384766e-10,-2.085860719704569e-10,-0.00019403445974463263,1.7121640847010118e-08,1.0341988751618635e-08,-1.518024853088051e-11,3.0272419044443594e-10,-3.4548306185462796e-05,2.5127905736418756e-05,-9.468657400297027e-05,8.779701967938812e-10,2.586395019245842e-10,-0.07619102820117622,-8.028667228306428e-09
3.8170364015364617e-07,1.819963882261232e-09,-1.242240438103356e-06,1.8931481443729786e-09,-2.6965973278911654e-06,0.0005764466042299192,-1.4578631172167428e-05,-1.440984791439411e-07,-1.4578228704813965e-07,-7.864675347308207e-08,0.08393379247397129,-0.11565456558379199,-0.22959166517026466,-3.722678530881621e-06,-0.0009826358159659835,6.28509818700853e-07,-3.6539131463549546e-08,7.050968347534016e-07,1.0382336759711831e-10,-1.438540017069504e-06,7.173949365762114e-10,2.9639062063970444e-10,2.0007398221907882e-14,0.009601321360580835,-4.806175901284146e-05,-0.07197131283095315,1.263748780070716e-09,-8.871287185056232e-10,1.3859582326218733e-11,1.1242567494630317e-05
1.1212154640427923e-05,-0.000335469367281384,-4.825093854188742e-08,-1.1329735001652963e-08,-5.565555330139041e-13,-0.0010457198381584607,-0.32736961305263823,1.87541754712227e-05,4.7468514895034534e-07,-1.0106412829606952e-09,-6.935780527551597e-09,0.01005085133140743,8.57974472357163e-07,5.189867448786451e-10,-1.1900298257194831e-07,-3.989385266857817e-13,-7.654554503520753e-07,-4.950219254072255e-05,-0.00013644128306562907,-3.2651914131663443e-06,3.199679495715156e-05,-8.317434168039799e-07,1.7674514053161926e-09,7.386978788184258e-10,0.0007730481766549878,1.2877209302012895e-05,-4.411273584849573e-12,2.4433903121308223e-06,2.2780793036608725e-07,1.362070533038397e-06
-2.1029910260330477e-11,-6.19529431890399e-05,1.7124847017838128e-07,1.1377424534237663e-07,-1.0475840762372172e-10,2.5322352260582083e-08,-0.00019445069539751928,-7.106805830847412e-05,0.00011937196085064507,1.2585204780674783e-06,-1.5748489268473254e-06,-6.467690570292399e-09,-8.446769530905311e-05,-8.267886092719727e-06,-1.2895740338828005e-10,-2.2386035393535867e-12,-5.216599391860604e-07,-0.018868541524490943,-2.0216727169645547e-06,1.0754382857452471e-05,3.0307548848702803e-06,9.50730789216906e-06,6.260682307776189e-09,-0.09766435626848148,1.3486713033087876e-07,-4.740285873213685e-10,-3.449454908112748e-06,-3.0013552525549892e-05,0.00012190094875622141,6.47403378448555e-08
9.981838665251332e-08,2.4267003864967237e-06,8.179105153787419e-13,6.513209828861124e-07,6.280322982106189e-07,-0.0003758909364703511,-1.5907715238034104e-09,6.481559748430047e-10,3.91740040765558e-12,0.1261570786997725,-8.495950009361482e-05,-9.9782485050698e-05,1.83296421226568e-06,-4.4891843386028415e-05,-9.918414882224384e-06,-1.842476536366692e-05,-4.312714985023352e-11,6.034960949763301e-06,-8.036527683046365e-06,-4.7709077089494536e-14,-2.168634808254636e-09,-6.463165404807012e-05,6.841244832882118e-06,1.624675334949404e-12,1.3396331403381095e-06,-2.5270097044681374e-08,-0.0004856052169882682,1.3639159538987658e-08,1.830107417044347e-05,-2.8681772795129033e-09
7.18896229645175e-05,5.892219503661727e-06,-1.5681861404858514e-13,-1.1936379821157761e-09,-1.4926429999272214e-05,1.9525094387667117,-0.002704105900362957,1.0031064199148083e-09,5.295583277129706e-08,-2.0002809048401057e-05,2.747189262555712e-07,-4.505576565856975e-08,-1.803930421243082e-09,-1.1468965794270246e-05,-5.477120855623666e-07,1.0746428382951594e-08,0.00017102913694368762,1.8846040363232558e-15,1.4366177309262175e-12,-1.5466737879400592e-08,-5.512813429435553e-11,-2.2631799843065607e-06,0.018884629669898158,2.3340637081860325e-09,3.810071020789165e-07,-4.301611571035265e-07,2.5703312004070613e-07,2.3849050018480248e-05,-2.166930860857089e-11,0.0005310746441184724
7.110013016424774e-13,1.05170478213551e-08,-6.231888730941489e-05,-5.032066796373137e-09,3.541839431112684e-07,-8.584834860195178e-09,3.288261078911936e-05,2.1845448757753263e-11,0.009183975911178605,4.30167896388829e-09,-0.02759938781855429,-8.393810283357352e-11,1.4753806576921997e-08,2.439602825409436e-06,-0.002726633972751797,-1.0401214113535944e-08,0.00011704319927286382,-3.9850005598624144e-05,6.633845083955423e-07,-2.491828297333309e-10,1.5333785909442068e-05,1.6323789109588953e-06,-0.0001889561772218059,-1.3445877008891273e-14,-3.810963706902642e-09,5.413385798121805e-06,8.23737268784453e-08,0.0012599473024872858,1.3420982443354765e-09,-2.0667916919006637e-11
0.16606751714205878,1.4969724263681865e-09,-6.85360468731807e-08,-0.0008461898349646438,-2.131347622068284e-07,-3.256360094802342e-06,-2.141776512817083e-09,7.515540705938353e-08,3.718071482478275e-12,-2.2894172881686892e-07,1.347043384466117e-05,0.0001366889081292087,1.0292534677058184e-08,5.495518938594996e-14,-3.323178316972367e-07,4.859544468469151e-05,1.6845994499230394e-07,9.550019740555168e-11,7.941332855110457e-06,-3.878061434315623e-05,1.1272458185837124e-06,9.250648304718531e-13,4.9425958009405445e-06,4.10311910402081e-05,-0.00041660599178114285,-1.8571438269692847e-07,-0.001879819646349652,3.481924535965078e-10,-3.2277023774837084e-10,3.0311054103710907e-05
-6.50369881180643e-11,1.6732501556359168e-06,-1.3779235812817107e-06,1.0254574160706273e-07,0.012054408346439165,-0.013870100433150786,1.7373024124342846e-07,-1.8753152701577246e-07,2.187482795616224e-07,1.6705582007564335e-05,-6.2030832927854385e-09,3.832616620368481e-07,-1.8099084591289416e-09,0.0033349824428528393,4.527571974626675e-07,-3.6263024907512553e-09,2.808261248578368e-09,0.0006838001211875129,7.940440491276393e-06,-3.832105335423929e-11,-1.5683935060839554e-05,2.946698841212581e-07,2.309665968708469e-05,-5.732951645899183e-12,2.4031820812904106e-11,5.240278162689952e-06,0.0001611373820388951,-6.8248125719141275e-06,-0.026737897124974003,-5.02576979938629e-06
6.7736494172927135e-12,-0.0006162904838976201,-2.744102935958775e-05,1.0914915770070481e-07,-0.003972320891934784,-3.222533641524189e-11,-1.700604534221503e-08,1.8288701864917816e-06,-1.3921810668164571e-05,7.71781090693048e-07,-6.332441926912561e-06,4.2614500197605024e-05,6.107570904267797e-05,-8.218408977194248e-05,6.664287574623649e-09,-3.3146246334277e-09,-2.8748836197896212e-06,-6.890606929683632e-08,0.00029974399507300934,-3.354378210694052e-10,-0.002648305363846673,-0.0061858822799915406,9.574080313644872e-11,3.540516728647079e-06,1.6255503865889303e-07,-0.0005623384820848691,3.1097247645127675e-05,-1.036932536539481e-07,-5.049494699923289e-08,6.672128964242124e-05
2.0931213605839946e-05,6.517273830405889e-05,-0.002576192659322561,1.1749228619725392e-05,0.0004735970953199073,-5.05026842602083e-08,4.956143331662737e-09,1.8139396124915358e-10,9.219041786410452e-05,3.183764927015693e-07,-8.838541000821333e-10,3.9626383449042247e-10,-0.00019355946368613703,3.311410072703855e-05,-6.43949364028161e-07,-2.8333897357972114e-05,-7.709526673407718e-06,3.207095008777493e-09,-3.012954957474973e-11,5.2564933323256185e-06,-6.207817132571897e-08,-0.003680739288206935,0.006544856092231962,0.0028434883423731835,8.529140416706803e-10,2.2144323371362328e-05,-8.083104691982687e-09,-1.3039001642620196e-06,-2.3828829575760292e-08,9.727851280762837e-07
0.00011323190885762176,5.481803955660234e-12,5.5200494945937535e-09,1.0729805540834577e-08,0.002237339032791984,1.025340594814526e-06,2.77762431695422e-08,-1.189615383376744,7.656290166706544e-05,2.733337243184889e-09,1.4786377943889782e-07,-2.0718904917424868e-05,-6.889758738259362e-08,-1.0534606023755203e-11,1.6417202682255015e-09,0.00038477689659872016,-4.401327248386807e-07,9.729559637347336e-09,-1.5770015910228858e-07,5.789688754621095e-10,7.640715126135351e-09,-0.0012670623556238435,-6.924029450569676e-05,-0.00014413556439060648,-5.327441338452648e-10,-1.4296920944634693e-09,-0.02751622317388,-0.07293925362400866,4.003787505530375e-06,0.000546477397366123
3.1274159773467944e-08,0.021995083877136768,2.1873006053697138e-07,1.8195887649224443e-08,9.290505533287937e-10,-1.1240493793418733e-08,7.459788219084302e-05,-0.029453808956250525,-3.1267516912580827e-10,0.00012330024634799998,1.9207884729341572e-07,1.1319083447874014e-05,0.001088353889995712,0.0004528974613504551,-6.34589051088235e-05,-1.349243067891856,9.898154958759527e-06,-2.5250443618029197e-06,-7.621868408834564e-07,-5.716856477804143e-09,-5.558519943412655e-09,-0.008648573376139545,-3.895561550107376e-08,-6.045100152999868e-11,-4.622621508868519e-05,8.484155363851966e-11,-2.154216612711385e-05,8.087270871612909e-05,-0.000537409114807944,-1.5470952092730894e-13
-4.2351702890034346e-11,0.0018508208604750519,-0.00024545055867779503,1.1525008461666985e-06,-2.086102939824468e-07,-1.2684549164038344e-08,-5.127039568774737e-05,-7.822025319478856e-12,0.000338659072225698,1.8255823060556926e-07,1.3146485572877414e-10,7.540183569506672e-09,8.679890803149765e-09,2.5210684618015244e-05,-5.113298405961268e-08,1.2439622926119837e-06,-0.000600790279594846,-1.2400262297987453e-07,-1.1297066597160024e-08,-5.017989657028142e-05,-0.2612087694436742,0.08761100727239776,-2.973311994487605e-05,0.0011752797439890663,7.86133072278446e-06,3.9345494582351235e-06,0.0013888961965917962,7.806998247515082e-06,-6.387047278690023e-05,0.0003697801007341841
-4.926395325926146e-11,-0.045147597402521784,2.8383047062462595e-06,9.873025280442249e-15,-6.317563199360749e-05,1.6817675983714735e-05,9.106276162883034e-09,2.005890798029681e-05,-3.034626675561333e-06,1.5153707179345914e-05,6.129571172792629e-07,8.428118905957346e-06,8.457912246974034e-08,1.3870021715324396e-11,-3.104636812333645e-07,-4.029071261812504e-05,9.54618498491532e-06,-4.3891225039637265e-08,-9.468173440697596e-14,-1.8269822717141968e-07,-6.578625563559277e-05,0.24365429234553115,-3.1358748904282225e-10,3.661488219469896e-10,-7.765367632169089e-11,-2.8329650501779264e-12,8.639166304730623e-06,-1.8764434572303959e-06,-6.844346257630219e-11,4.5174436980792984e-06
-1.5766822631111987e-11,0.002095420079047033,-2.102779537319325,-8.26424195273958e-09,5.9938245395453775e-12,0.02499892685505273,-2.15001506385537e-06,-1.4833082408634347e-08,-1.31436570605549e-05,-0.32272902108736184,2.3145700177906603e-07,-1.551730370940006e-07,9.560820690369413e-07,-9.088684440093037e-07,-0.00012170368995028982,0.00014430256218387846,-4.643397456588053e-12,-3.303641660690872e-08,-6.1045623303943035e-09,6.119518488464796e-06,3.799114486508696e-09,0.0001335696488480962,-1.4134548593030529e-05,-0.029738060375123568,2.799647686696144e-11,-0.012950287408788877,3.512398400305403e-07,-1.9743096718462726e-12,3.1256252441153024e-05,-6.1042844259991545e-09
-3.406811409102001e-07,0.000181722364606111,2.117801577063508e-05,-4.144451431242248e-08,1.8021151892452555e-07,-3.2271172548243346e-08,7.687174831590702e-10,1.5682942721169533e-09,-8.495577543454663e-06,-0.0006869052898907819,-9.620577859474792e-12,0.0018285460849644453,1.3540776388449809e-10,-0.004313948972629199,-0.00012312090646604461,-0.002765351178317736,0.007675982823551442,1.940446332640752e-11,-0.023007820986129118,-1.542792926323757e-11,1.0432505374496858e-09,5.223821124386004e-07,-4.957480101115044e-13,-9.528300059619272e-05,6.130771291177173e-06,1.3000218912474858e-07,0.026396104782886343,9.037275223333038e-06,4.639406512570383e-10,3.434947777440499e-05
-0.001602621699943992,-6.389790062320684e-07,-7.56029513484315e-06,-1.3002636038641324e-11,0.007806888588591581,-4.191568398777255e-10,6.463229993214779e-08,3.254596102033741e-10,-3.8255106004581956e-05,1.2769645316255807e-09,-5.523360214236793e-09,-0.026200956381032384,1.5619770574170008e-08,6.139113140360266e-09,-4.789742773950443e-08,1.1481829128460363e-06,-2.156899865424378e-09,-1.4188022552503009e-05,-1.0288267576827157e-07,1.1511614570876872e-05,1.3308386308439596e-08,3.760541981138135e-10,-0.012806649583064756,-7.0813354829604674e-09,-7.947616739778257e-07,6.5888336590797236e-09,1.982962234818351e-09,6.974604722952176e-05,0.0005163399157576491,2.5848460940635404e-08
0.0001140331851754542,-7.304919916531828e-06,1.3120312875299712e-07,6.901875379470795e-09,7.559455635003897e-08,0.004689523588217069,-0.29134159953645034,5.208250127004366e-09,-1.4061926715299895e-06,0.016859970479511398,-4.346761489187812e-08,-1.4676789247067797e-06,5.0140350353841285e-06,0.002658497631066853,-1.3516943121512325e-07,3.715456897567688e-10,-1.77140077335907e-09,1.0295076188052792e-05,0.0010207729630459358,-4.6691247220319395e-07,-4.388524310211418e-05,5.375989352300548e-09,9.200522805272488e-09,3.5051786286695015e-07,1.9102891018352273e-09,-1.7811864642518067e-08,1.1343964893242406e-05,6.1112359646401274e-09,1.0014905826882636e-06,-4.460449956629791e-05
0.0006287451796019084,5.034038812560761e-07,0.00010474087293583451,4.331464941260521e-07,-7.291623035997833e-05,2.5165777050626913e-07,-0.0005744469068900037,8.544259924788631e-05,1.7820136266376207e-11,-4.172372174484341e-07,3.390049284031397e-07,-0.2100182866785084,-2.715649271076207e-06,-2.9598840654497284e-08,1.7014494360996887e-08,0.00020582204457815433,2.708421463015555e-05,0.018224809191774674,-4.638889393602058e-06,2.5252275807698946e-09,-3.4354964108054038e-12,-1.1094978073780528e-05,1.3952343617945993e-05,2.1525226299498016e-13,-0.0008718275889389674,-3.8040070234283526e-07,-1.996272595287558e-11,3.038148841811036e-09,1.6942245744565491e-09,-9.825901118764554e-10
-0.0006811204709480822,1.565733313056715e-11,1.0714089067669811e-09,0.005355628150167183,6.733424144522253e-05,0.0016776510915469608,-6.073308378984196e-05,8.753603729521453e-10,8.517256066088476e-05,-9.9945032263299e-07,-3.8471514337616894e-11,3.598379291489378e-07,0.00028970062948324986,-5.642108688926178e-05,-2.66130027077508e-08,-5.456506159693086e-13,-3.7813671931693945e-09,-1.1719772108941492e-07,-6.855402291060235e-09,-4.718870554232116e-10,-8.106784618309905e-08,4.510047743983286e-09,-0.00015465738814375433,1.9991497279729878e-08,3.5181961752685945e-08,-0.000629785003066491,6.352846242816239e-08,-2.2930179505244824e-06,-2.5637475085055153e-08,8.375635791304346e-06
-1.7398632841099886e-08,2.129089723260365e-08,-7.517766410092474e-08,4.418198283333365e-06,1.9679983339649656e-06,-7.067341954587388e-10,5.3831142719937447e-08,-0.0015031024956913856,2.498075381846461e-07,-7.431336628683323e-09,-0.0017053413624317849,-2.8420933004631002e-09,1.5972591958793635e-07,-2.670051792605548e-07,-7.049685405717805e-06,-4.1257171366744496e-09,-4.449604441697321e-07,-4.603056179937803e-09,1.0920328639452161e-05,1.0294995938520617e-12,0.0001407131862969854,-1.458926795477836e-07,-0.0016876626376061484,5.821395398757687e-09,4.556209974674421e-12,-5.2838621452213186e-11,-2.8048072280538506e-09,-4.987849399367848e-05,-5.693868385339882e-07,2.425255571884055
2.105459251693555e-06,5.441771818272488e-09,-1.2676765120746558e-08,-8.482170773037681e-07,4.900128358484994e-07,-0.0002312334530190057,-1.2821101427149938e-06,1.0609739453638137e-11,0.11977612178230575,1.2657273817297968e-08,-1.976687491929416e-05,1.6807925428770945e-09,4.247235114720861e-07,1.0857652436275261e-07,-4.1736386371748986e-07,-5.133174417948704e-07,1.528078310001426e-07,3.6796155233051415e-07,-1.4711599594895297e-10,-2.9590175959618633e-07,-4.605944188383387e-06,-1.428976386949441e-06,-3.201115173080211e-05,-7.546718595716175e-06,-1.5479919617563125e-06,-3.16284628765785e-05,3.273619881916701e-07,1.3810224290998205e-10,0.07839304139087111,-7.476548771759873e-08
-1.0045434029383344e-06,-5.7886614704834775e-06,-0.00010328818001562646,-9.021853990563334e-09,2.4399017385338974e-10,-0.00032122975164276915,2.9254900352535217e-07,1.4284335706768267e-09,3.3082871482341565e-05,-1.9504067448174913e-07,5.099559025859763e-07,1.3768514583589397e-08,-4.724947796466944e-07,1.7293586339492905e-07,0.06254931529766937,-0.004985381781553793,-1.3395752484234338e-07,3.0568279416104432e-06,7.540377609638965e-05,7.348170318434526e-08,1.0513945324035907e-07,0.0021003435559836846,0.00016609319048601116,-9.28629234050435e-08,0.0009246265177354688,9.36813168064276e-05,1.307840284844576e-05,-3.96305480154794e-12,-0.0003573612000293919,-5.3548071203867926e-12
0.0007262951082164665,1.0090177290929201e-12,-5.2927949092343245e-06,5.217069613297157e-07,-1.1646792064793449e-07,-2.902456838975229e-05,1.1044141565138529e-07,-3.756066980945906e-08,-7.107259600013795e-05,4.324975779456381e-08,-1.2053054023061467e-05,2.4481234476181695e-07,2.249375214108741e-07,9.352064267959952e-07,1.4361187662775221e-07,-5.600538933004581e-10,1.202041540312759e-09,-0.0001189096299304061,-1.6685117912255574e-08,-0.00014511787533508214,6.03889416198655e-05,0.07065138596144603,6.284316792251104e-07,0.0014744116402168493,1.472386520325118e-13,1.3889733674793512e-12,-0.00040676697112792783,-0.0021733542849994144,-6.984390183983497e-12,-5.5103106676562356e-05
-4.476546383576765e-07,-7.01696001173001e-13,0.00026528012640121817,4.773353037968542e-08,2.0558822177019045e-05,-3.34776824884169e-05,-1.1532610252354415e-06,-3.216634339942518e-08,-9.533731362338193e-08,0.01032647142989325,4.895831515757751e-08,-1.2480113806336573e-11,-0.00010329048773308012,-4.863327284507175e-05,-2.187698194016709e-05,1.3375581731755617e-08,3.00213923329918e-12,-2.636314023343071e-06,-1.0100402484872197e-05,-2.520318481662729e-07,5.430445617091632e-08,7.9162850445011e-09,2.826800496153735e-07,-0.00019989951554026528,9.219113704402228e-09,7.62827660302263e-07,1.0188118026278332e-06,-4.269546147864408e-13,8.978760830956893e-10,-3.302982221324821e-07
7.451362216596071e-08,-3.1601384088885046e-10,-7.009725251679097e-09,7.409856847423393e-14,-2.125583538062145e-05,2.1087763904327327e-05,-0.003093842988362017,3.0570247445612518e-06,-5.714383086783688e-10,1.8836190634611863e-08,-6.864497335292039e-05,7.791426382021976e-09,-2.0082260534903265e-07,-2.2656825229608398e-13,-1.838926031285532e-11,6.937662573604748e-11,1.5603341714318162e-06,0.00031287966847451767,-1.5902673983642926e-13,1.7210389247898884e-07,-3.1247615234804093e-07,8.417202694215201e-10,-4.731704463864147e-09,3.948423718208667e-06,0.0009050875224323905,-5.957130298438396e-05,-0.00010475468573823515,-0.0005435121703066537,2.6399729965091438e-12,2.0274299878097264e-15
-1.416457951250551e-08,-1.5233187885535295e-07,-5.509927386441901e-13,-0.00011045444140207781,0.000210469768444617,-4.3355182571533576e-05,-1.8969416048099156e-10,-2.811766714955503e-05,-7.653216120752916e-12,-4.849865565015929e-09,-8.886772244944821e-16,-7.022258013913819e-09,-5.7713996910521176e-05,-0.0054284686763591454,5.482212124522029e-14,-1.0748171026270585e-10,-2.939735632841313e-13,-4.581272895982652e-05,-1.8562126286738303e-10,-9.117726572074987e-05,-6.371299744986822e-07,-4.726147687938274e-06,1.0865699287714083e-08,-6.170818049550302e-07,6.154641582773755e-11,-6.363655104330528e-08,-1.9753640795608934e-06,-2.251212259062208e-05,-7.936304237597521e-09,-1.8232582673229208e-07
-3.182586520339544e-05,0.0009858665780826863,-1.5640560237628484e-05,9.170148495229851e-07,6.695307590292947e-08,-0.000754137164257971,0.008507470598918113,-1.255041955829827e-05,3.000108047600198e-06,-7.723174820131857e-08,0.0007004710029787808,0.0016391225618892346,4.566235907424861e-12,5.9258900505554884e-05,-9.163599720377044e-08,1.2632263918784149e-10,-0.00016929053060359099,2.1919201092669192e-10,3.6063241452783323e-07,1.4524321191768767e-07,-0.0016938950833664359,4.416085151231524e-05,-1.3304089103787109e-10,9.80404783238186e-06,5.446393485499441e-06,-0.005930398302847125,1.091693339320592e-08,3.475808101719094e-06,1.2157110097736644e-11,-3.953780004734347e-07
2.509499660100004e-06,2.3987691317632527e-05,-3.0452385702323908e-09,-7.084378665352432e-09,2.344244260293613e-13,-0.011348595982120006,-5.729581411163845e-06,-2.6748912969974454e-06,-3.056522009290937e-07,2.8106057163339375e-05,0.000335392745780868,8.439383643619719e-06,-5.710746990558066e-10,0.05455101892317812,1.7356421750826352e-06,-4.442761710748387e-13,0.0257982296517279,-1.4107750367565981e-08,-9.80213289159968e-09,1.0396516547114433e-09,-3.891682549087903e-07,5.9859391521943335e-05,-0.00028457549240184723,-3.210707156769853e-05,7.855550238977291e-05,2.0629573119722399e-07,1.4024346713146444e-06,7.009506914492527e-11,7.206282318196657e-06,-2.1351819491259956e-05
4.430605831903711e-09,-1.2569505155634609e-06,5.025219113712061e-07,1.620140489532e-06,-2.57801243230418e-05,-2.699644660092661e-05,-1.1045423560227976e-05,-0.0001306024998214631,-8.961378534869427e-06,-3.9377368210753815e-08,-7.400670406956711e-07,-2.3401788537257597e-05,1.1152435221673477e-05,-0.003361380256721042,-0.002024683363217956,-0.0001234837637910533,-4.600150869609952e-09,-2.6955924681312067e-11,-8.724935745964052e-05,8.137155245976095e-10,-1.1738734553482173e-05,-2.373984395611789e-05,-3.710392629360749e-10,-1.6460447623676298e-10,9.975038897612343e-05,-3.558897362243058e-06,-3.3922489805044484e-12,-0.00020043508805898046,0.0038415445661729468,9.757338220265064e-08
2.409670672371112e-06,-5.937679005617963e-06,8.776827917787382e-09,-4.763924838730546e-09,8.528367676713973e-05,-4.261068202357224e-13,-6.6248813264813825e-06,1.475048635832074e-08,-0.00033452022011857375,1.878885319121732e-07,1.33389561391772e-06,1.471757226413802e-09,6.10260027653458e-06,-1.633373137886476e-08,1.2814316830090754e-08,-1.916549808061964e-09,2.6858321497240346e-09,-6.8898988337558306e-06,0.017635934091586317,-3.425672505948997e-08,-0.00020470284200982782,3.5328794158330724e-10,0.009043235272920948,1.8584335882028328e-06,0.00020808380298571096,-0.0008882832649062482,-0.00016675523019544152,9.316605462643858e-07,-5.663439746881041e-07,-6.641516845284977e-05
1.4184250975553313e-08,1.8465714762963658e-07,2.702537444713609e-06,0.0016728016604943266,-1.1030299503694333e-05,-1.3339595871350786e-10,-1.2949291968996085e-09,3.209491140698654e-06,0.00023772010056566825,3.712297714981701e-08,0.0072916793079542686,-9.467361723868113e-11,-9.604897355078543e-06,-0.0013055749810343515,1.0523828393482184e-12,2.9976167990168577e-07,6.867785546822206e-13,-1.149416767740402e-09,1.0810399927384258e-08,1.003642152873195e-05,1.0218068875739923e-07,3.3696628011006325e-14,0.0001213214094568698,0.003111208833618448,-1.1936935335565915e-05,4.3837488186834736e-08,1.4814484523215285e-06,5.716610211686294e-07,-1.7434821783052118e-08,1.1178372902720556e-09
-1.3916772408575775,7.60490316733757e-09,-1.9990021056755828e-18,-3.9120628253100885e-10,-0.00022105589465108418,-4.651390010046085e-07,7.001150676556392e-06,-0.010285985867786372,1.262481191463645e-06,5.0132073796780765e-06,-8.499718231113381e-07,2.7421267714892585e-13,6.651019636878061e-05,-1.5820637198386307e-13,4.3883521152082655e-08,-2.4845269067284858e-09,4.225964284184856e-10,-4.731807812753507e-11,-1.7662193405355337e-07,3.649743811313861e-08,-1.4720083921215552e-12,5.1958611843123165e-09,-2.1748630436100015e-05,9.45232041888008e-09,-3.172445897810592e-08,1.1286963666865056e-07,-1.3669990028511122e-06,-2.1356354301824552e-07,0.002235793015781777,-2.528123785224067e-07
0.011018229893735118,7.489153578196174e-09,-1.1463760166237133e-07,2.763688291955934e-10,-1.4922251273111285e-05,1.3667823287175442e-07,2.017076179167277e-05,-1.6701109415213814e-08,-1.4094393887606043e-07,1.61810198792357e-05,-2.0058559396167549e-10,0.0011677759045620175,0.00034320807239630977,-2.918958863802628e-06,9.457638602194837e-08,1.5438996057890635e-11,5.784015651643102e-08,1.0087040442330165e-11,-9.856047626623851e-11,2.869616341826621e-06,-2.858401186960005e-09,-1.4134190226906798e-08,0.00027166318963871766,-9.322498030739506e-07,-1.4661037042005638e-08,2.026914262454992e-06,0.005713901509671224,0.00011597491290340294,0.00040962811027674785,0.00019735446638487252
-9.405343014324953e-05,-3.0915713600312683e-14,-0.04514721490067381,-8.86916256585129e-07,0.016415626699952376,-3.233445636606667e-10,8.357758801814222e-08,1.8262976058518026e-09,0.00016004123451100608,1.1998534438901413e-05,-2.0416274142974515e-06,-4.81936461574876e-05,-1.536005929388642e-07,-1.7634485039346191e-06,0.0016594582854562293,9.713408610457409e-06,1.4509090671139455e-06,-6.409594281428383e-08,-0.01939427590430889,2.7873916103577298e-08,1.3303461613248185e-05,6.904811394005053e-10,-0.2216430749993341,2.079868558712389e-10,-1.8773855076247508e-09,-4.658737044181657e-05,-1.0838894801503257e-10,-1.988320509942625e-05,5.204353621431254e-07,4.553783181751204e-06
2.5631466610234977e-05,-6.872440168390622e-08,1.3953815443796112e-05,1.0652279483206144e-10,-9.008644145796721e-08,1.780423765185494e-06,0.06439890209630293,-3.9779629736642536e-19,-3.6092268582279327e-06,-1.5685024245074835e-09,2.822344769599861e-07,3.0966907806280154e-14,-0.0004225892042584458,0.0002203578374453717,-0.0013250051259480814,1.2902627672189192e-05,0.000699355666640039,0.01545277653168618,-7.27499132705475e-06,0.00034443712180861366,-1.044516600565375e-09,3.099585523847624e-06,1.4169971224891785e-08,-6.54904167958182e-06,-6.573671959398186e-08,-2.630402530123405e-06,2.826653125658538e-06,9.929716071014535e-06,2.3097624880956976e-08,4.9522034317533934e-08
-2.5507280992338354e-07,-7.357296920337405e-09,0.003562240563413593,-1.238769259057618e-05,0.0004978365105092993,1.2655088645036284e-06,1.471555247206836e-07,3.679854723936498e-09,-1.2561352688465808e-06,0.00012650035536251582,8.858269389413723e-05,-0.09117379425524184,-0.000274003771359757,-3.6634641978210123e-06,-2.985483324501493e-06,1.3680625490086653e-07,-5.777180430730882e-10,1.8305709700720472e-05,7.506781063471541e-08,0.00015740217301048594,1.663652128416327e-08,1.2420874727081461e-05,-0.0006722758516766378,3.7843593437378676e-07,-0.011462643721980059,1.4949030968995175e-10,0.9250633881404822,-3.890574571597093e-11,4.565384448410863e-06,-3.0126255398037412e-09
6.312290671609612e-06,9.591479465740531e-06,-1.690642208331737e-06,-5.297893405432747e-10,9.882420245144039e-08,-0.0003688666888875652,4.1046338411998486e-10,-0.27405060953650856,7.212638611905069e-07,-6.617589685533673e-12,-8.158417217487117e-08,0.006291651313491236,-2.462408070143361e-09,-0.0001424075547574334,-0.09767580577140904,-7.479221151057369e-07,-2.9886881730006898e-09,-0.0011721759203140642,3.303627313817813e-05,-1.0760817923927704e-08,1.5508219911038578e-08,4.28970309500428e-06,-2.5389532192343936e-05,-0.00018017047701114635,-2.410654067274989e-06,0.14256465893342932,-6.321479158661843e-09,-2.4217802712096267e-10,-5.837450932851526e-09,-7.724439695005606e-07
2.703624717991376e-13,-5.580136882060502e-13,-2.662407275805185e-06,4.3321508643583786e-07,-0.00012318839417753812,-2.174077036055272e-06,-4.602176013329808e-08,4.153252853483628e-06,-0.0004344382106844123,1.2543687895099215e-07,1.8194268928991886e-06,7.249701064543159e-05,-1.369565336563523e-08,0.009171824839690772,-1.687456759312721,1.1812255781834723e-06,-8.793846109082565e-05,-1.6712453329871418e-11,-3.447746168162049e-05,3.585913388222093e-13,-2.4134262013972e-06,-1.3220846527652008e-07,3.095781662382197e-10,-1.5416680395882045e-09,-4.603856166789501e-06,-2.2571260061239362e-10,-8.67556324489466e-07,-1.018866768993909e-05,6.262305141238926e-08,-1.943795968719467e-08
3.2421858367392675e-07,9.686937504706563e-07,-3.833194246598461e-05,-0.000396393639499616,1.2863229992881491e-06,2.22425739564998e-09,0.00010794800175819232,4.02978588922265e-05,1.0050715903958756e-07,1.2515716092009086e-05,1.380270006718256e-09,9.334005141426668e-08,9.748613411355138e-09,2.367011875497497e-07,-8.186119924416481e-07,-1.1624184823200102e-11,-2.1813192112405816e-09,-0.0011221175632291564,6.350615278607005e-06,1.1910293329154535e-11,-1.6730832255101732e-14,-0.514009359467122,-7.115371545302406e-08,-5.503369429420906e-09,-1.327188169568135e-08,0.002987662705684662,4.236043056598507e-07,-1.1436066933241009e-05,3.4591158260220775e-09,0.010354428577382491
1.750757518606882e-12,1.8454032598460196e-05,-2.966869506497838e-08,-4.8184419055719496e-08,1.7282231189742008e-07,-1.7078706481992838e-06,-1.7050317162657969e-06,-1.3459415600590724e-09,7.19014478519543e-11,-1.584921743194155e-07,1.9642679457170917e-09,-7.681160845413408e-06,1.2206774533070672e-08,-3.5207449170132006e-10,-2.741298415075811e-08,3.967026074232335e-10,-6.445613310065216e-07,9.639871664817267e-08,-3.1400437886147923e-07,-5.5344149031890725e-09,-0.0008553391957199332,-0.00010942574578830636,-0.00020443335740274625,4.815480673600836e-07,-2.312740944145861e-07,0.010695606553200164,-1.823377547372806e-05,-5.305948947747936e-08,5.793579916844361e-06,3.969846065355893e-05
0.0010612195645162007,-0.0015907619753213727,6.037794020285797e-09,3.6397301210763215e-09,-1.2990230466380452e-05,1.2110240447790717e-08,2.1304619875239075e-05,0.0024396226730177503,-6.386570649579504e-09,-2.3217756327980336e-07,4.493456672001687e-10,9.384114136265845e-09,-0.414631825504919,-8.7624029519428e-05,-6.91773720242929e-08,0.0008739145501706378,0.00020556240692945225,-2.1996687161580638e-07,3.71632761194006e-11,-1.4929728110826159e-06,-2.2669367671926263e-09,-4.669325297121186e-12,6.3062702507484194e-09,-3.272603705472044e-07,-2.513170918416083e-12,7.784270324170944e-07,3.725625862833893e-09,6.305583864311218e-13,-1.163864265586828e-13,9.503953856164991e-07
-3.4896717750360664e-08,-5.586118950935922e-09,-3.836161299035527e-06,9.874486501389595e-08,0.0009341615319849982,-1.0829114706331173e-08,0.057978643371890584,2.365426089536222e-07,3.3903800911973338e-06,2.396244356619544e-07,8.753657659545627e-12,-5.00991929519208e-05,-0.0004173767268836918,-0.0018336208446819173,-3.240556660472337e-05,1.5721255737459368e-09,-1.6672393875180454e-07,-5.761776569755824e-09,3.2856479510899424e-13,8.107358153287791e-06,-6.771655619745382e-09,-1.2810549968865551e-05,-0.00017996189008533998,-0.3049588955323608,2.887187801263936e-06,0.744649884430014,-1.0558770139739116e-05,-1.5311264620034976e-16,-0.0002156433049469017,5.495933634072671e-06
8.535507852530675e-07,-2.557147992806409e-07,7.5326734049391e-05,-3.274014422778369e-10,-1.510544988160275e-06,4.698719484934029e-10,1.938527432808124e-08,-8.18090982826869e-07,2.279448553914712e-05,-3.5748829325324224e-11,-0.017532169342044455,-0.033822895418807224,2.49947206939023e-13,-1.6787316771302823e-12,-0.010796885704778422,-5.926780413865754e-06,-2.7229591316816592e-08,5.586898950565536e-07,-3.946716903381884e-06,2.7302212466260875e-07,1.53495889564694e-05,3.89629228761068e-14,-2.241956405063388e-11,6.2527206154336484e-09,4.790547710202507e-07,0.0016997544968194948,0.008257255768979576,3.573907153560979e-08,-8.838474139161715e-13,-1.0393473871878888e-05
-4.318805838986048e-12,0.013526443756031858,0.0010373467580828168,0.00010774855814315035,1.6536601506502346e-08,-1.2063165210127113e-07,7.816322601359101e-07,-1.8229691453503705e-09,1.0409567585551294e-05,-3.9387377146710095e-08,-2.38705554302649e-11,-5.146114795163411e-08,-3.6377625728305973e-09,-2.186506030280854e-06,3.644941294763042e-07,1.7328427142619214e-09,0.0012553244847329779,-8.478584102978521e-16,2.151893221918571e-06,-1.0129963780190168e-11,-8.821935485257268e-10,-6.735721159283003e-08,-2.8366314023496966e-06,-1.8312432919204693e-09,-6.357938548015153e-08,3.17409192973436e-07,0.0152894689312976,-1.0873467234643876e-06,9.508369588810613e-08,1.2363389499363721e-05
6.158780913944527e-05,2.592448473603003e-05,-5.064394822461736e-07,1.7247581399801897e-12,-9.848084921123146e-07,-0.0006088869520261232,7.89238594749236e-08,1.0723085371253783e-08,-1.1090980452410444e-12,4.3561815633819046e-07,-1.552422875835649e-08,-6.366976967283477e-12,5.300722598638428e-10,-0.001701179287802612,9.598792461230354e-07,7.053317958834463e-05,2.948747587831449e-11,3.061911438752833,4.561187844533311e-07,-1.961069737643429e-06,-0.00574156684461789,-1.8835327311889287e-06,-4.144942802234193e-11,3.39893302138689e-07,7.885315266217534e-07,0.0006029175318315272,-1.0129266993790098e-09,1.1039378026643811e-06,-0.00021315251518144864,1.7388549345329396e-06
-2.4259481976038772e-11,1.1516549164031419e-07,0.0010317820767039199,6.918010532016879e-14,-4.166492834158978e-09,2.310785472746809e-10,5.639206289222353e-12,7.015329967875585e-09,7.223873876107725e-10,-0.002744064271462114,-1.532630390633566e-09,-5.096755686066542e-05,0.00014089756373245638,-1.994054158818904e-09,1.5652882064979526e-07,1.9410174110718846e-05,-6.832457830768802e-08,1.7956085696873143e-08,-9.296583018315422e-07,-1.9099276478807467e-06,-1.991867063239481e-09,-0.00012007871543567519,-1.0185140272455299e-06,1.9252140474770488e-07,-0.0017601771362925755,-0.00011888396924020369,-2.1983630591698168e-05,1.2332996978169217e-09,-1.0682315804769143e-07,2.2809723964952928e-08
-2.221511537238328e-13,-0.005335137317454618,-8.064830821881932e-06,4.1566174397237513e-10,-0.001342008945978808,-1.4551360344114662e-07,-1.2411324904087304e-05,1.4566729304521398e-11,-4.662026763307754e-08,-0.001177053048758949,-1.8145624612981318e-08,1.662747283983583e-07,-4.3791350422848527e-07,3.1725131618525105e-05,8.427176061774735e-08,9.513958213596935e-12,-0.0006809203736799086,2.1986853851678087e-06,-1.37064120558064e-09,2.0721680314835625e-05,-4.047765724891323e-08,1.7469062489205132e-11,-1.7993361096068962e-07,-9.337233309376749e-10,1.1354462880697959e-06,-0.00026032940175841176,1.08734444804376e-05,6.899423766164571e-12,3.8840087070295385e-05,-0.0070507893790008325
-7.593583025471285e-05,-4.9559845105439345e-06,2.2485773909526725e-08,5.349051442154753e-07,-7.610796969107831e-10,-4.884230792621915e-10,-9.3534700229959e-08,-0.01225473248501183,-2.3124757459147737e-08,-1.5311375727649372e-06,-1.249822504041737e-06,-0.0001605718873722215,-0.00018411229369076905,0.033125513506551366,-0.0041703278163406285,-1.513500245323835e-09,0.0006681919490652122,-9.987562522508129e-10,-2.1491996422058306e-06,-0.0001216119892650012,0.00010870921083596176,0.21224121402028434,0.005327761034622685,-1.288069143885281e-06,-0.002922726315555512,-0.00012332723633311438,3.068174078897507e-05,-8.010600325490974e-06,-8.422354309604096e-08,1.2145480079683662e-07
-0.00011964639613931884,-0.00013479495648200093,6.33374160525576e-08,-2.5141965511901753e-07,-1.9630010376224848e-07,0.05775647739092836,7.4118993728108825e-09,8.819515149638289e-12,0.00040405875365169335,6.399635145396908e-05,-6.222231337094593e-05,-1.8188993458561827e-09,-2.133427117753821,-1.1180956599221846e-06,-1.1947716271915177e-10,-5.91565503301569e-08,-3.285793551711669e-07,8.91553702600655e-09,0.0005721520328072215,-7.12395589100533e-09,5.039551523941916e-06,-2.5461300822363392e-08,3.870093652347029e-06,-2.8836155412123522e-11,6.630654854062103e-08,-3.531460535824894e-08,-2.120641553406918e-06,0.008234419705428927,-1.491448614306129e-08,1.2046850250754988e-10
3.2041396162021748e-09,-1.3008097603124846e-09,-7.996642349277518e-08,-0.01288165109277853,-2.214150635512301e-08,-0.0002706244555014497,0.0003017651007233808,-2.090833211362573e-05,-9.811260840718573e-09,4.7006956533505784e-07,-1.9708693615562817e-10,6.183194719882082e-06,0.00016601484608957741,4.112484384592045e-08,-9.584113392254506e-05,9.48942304909828e-12,1.666250372824979e-08,-4.533867402466693e-05,0.0037658025075551055,-7.761864487346896e-05,-1.5226860687519007e-07,2.535967479330166e-06,-2.673941907412617e-05,-2.0860239682570568e-08,-8.431362573677791e-05,-7.36822296322986e-05,0.09750837664211197,5.3754544019319975e-08,7.464404295198322e-08,6.6473890218470355e-06
8.653327837965588e-05,0.00026078446924749407,5.343064920996175e-07,3.002559814852738e-11,-5.615204950457682e-07,-1.5627065887163585e-07,1.978948843717035e-07,-0.0009096493607622779,0.0005290401167204124,3.6804584834330726e-08,-4.630017450581452e-06,1.88982478038681e-08,4.923455421983236e-09,-200.1955007772894,-1.1305305118945528e-07,-1.268096712940588e-06,0.0008224028390122119,-2.534773846851464e-07,-6.113964418387883e-08,-8.546161458376175e-09,0.025257549789013508,1.0886065142107356e-06,-0.0001067152099883442,3.6724651797910568e-06,2.716060400046299e-08,-0.004841461734943924,-2.7598530019522638e-06,-8.54630927288439e-10,-5.8116067915051184e-05,-1.6480580098210327e-07
-1.654912971174837e-06,3.4449432258622667e-06,-0.0005937501204311287,-0.0022652279596351377,-2.8982038346331453e-08,7.597432431178302e-05,-2.3402498279979954e-09,-0.0190602883541346,2.1738943334603387e-11,-4.387528642866128e-10,-0.0005236441389934847,-1.1227816586520905e-10,0.0006419446029459276,-3.6377646563773916e-08,0.007586759301088886,8.656910020341007e-07,-5.32024491071387e-05,6.250095004303325e-06,-4.750857566718961e-07,4.717373404206216e-07,-1.0241916634912398,1.8323680640373045e-08,-5.1979061285336545e-06,1.7092117404288885e-08,-0.0007012384833672263,-2.954711153887592e-05,6.69095700078827e-05,0.0005636669050738801,1.1707361794581705e-05,-1.656831761187277e-08
-0.00012770017463025992,1.6340339444543625e-07,3.527354654297144e-07,0.2403023367352641,1.6846387979720375e-07,0.00015429135819553278,3.021720215358096e-10,-3.493639647853136e-05,8.731497774421683e-09,4.751669022877855e-10,-1.9773676880073842e-10,5.1166049717740126e-06,6.371731386704648e-10,-1.86226908483958e-14,3.4119410272964904e-12,2.2368113256528217e-06,1.730756737803842e-07,2.621553965266538e-06,0.0008613711135685308,8.250236600481348e-13,-1.1243049896664237e-06,3.3349073815476195e-07,3.126965383602213e-07,4.820311147740371e-09,-0.0020351583369975753,-2.0019068917642497e-13,5.743634818165564e-06,3.999468197419334e-06,-1.7074662138515437e-07,2.0888093075225603e-10
5.711072276195162e-09,0.01546744303923479,1.882127568654568e-06,-0.0007396372100514607,1.8317990264882675e-07,5.903708959587308e-06,0.0017912219940920137,-7.36196920162626e-07,-4.657695324958247e-06,-1.3102512778301338e-10,2.5845397792762115e-06,1.6291252113031407e-05,-2.537203131654528e-07,-1.51394366358743e-10,-2.8720634623899513e-08,-0.00015827533821568014,-4.280926264860581e-05,-1.292330975101859e-05,6.1295632518258e-07,1.0450604689891023e-09,-0.005473285134053787,7.052741795873351e-06,1.8445034793382826e-05,-7.666403085212387e-07,-0.07627431766750391,-2.0719674200699164e-05,-3.737850422684116e-09,-0.12487556953381325,-1.5901253975797152e-05,3.3137646040538157e-07
-3.473964172748457e-07,5.3652804238298354e-05,8.819725069126312e-07,-6.566037546937654e-06,9.634532700594153e-08,-8.289705712100017e-11,-1.4580678893630419e-05,-5.911883044299105e-06,-1.5022664071586437e-09,-1.25753501206047e-08,-2.2876787206601525e-07,-0.0009641639554427217,-1.6809535662094782e-06,-2.931187145333419e-09,9.96676699755648e-09,1.6043927529341085e-07,1.8372501975763032e-07,8.090510403331367e-10,0.00033829941202036425,-0.00015811909414279878,-5.528667492868541e-06,5.610194690586512e-05,1.7356671184070376e-09,-2.8973230641321723e-07,-1.9202164333438828e-05,-2.0091797712541627e-05,-6.04210196649416e-06,6.90764400973154e-07,0.31139955760587823,1.0281413556625324e-08
741.0713682847937,5.190142167112023e-09,0.004350801692757011,1.1768660870617847e-07,1.1669185088710225e-05,5.316681605959319e-06,2.479630614181064e-06,-1.4268843026617724e-08,-1.9697728923119102e-11,6.689258972735761e-11,-1.9209411433715465e-07,1.0261107577953414e-08,-3.276924344721737e-05,0.0020813520220598386,-1.6717167958532602e-06,-4.194654271216112e-08,-1.2232337221665496e-05,0.00012911641751053987,5.3879564516247914e-06,-3.7557853758375353e-06,0.007623113428332791,1.4824793458034383e-11,1.8728594256226786e-07,4.197134803079766e-06,-7.329431030446754e-08,-5.438344196643744e-06,4.693491753371907e-06,2.131929287113073e-09,1.2086167186515155e-09,-2.0575870629092123e-09
-9.104229691298763e-09,-3.999670664944956e-05,0.10275246607696603,-6.934543063467822e-08,-0.0010029123073282374,4.7777176503891656e-08,0.00045778860502972276,1.803873318450265e-05,-1.3225389782669866e-07,-7.922364689911371e-05,-5.46443045473234e-06,-8.416240248750125,-0.004612157558309338,-5.176973261558925e-06,-2.2680155026078447e-11,-5.313209589672297e-07,-1.7653838108477055e-06,-0.022073963526356308,1.0500529458729068e-06,0.5390879629772498,-0.0001953697815347421,1.9393814295039752e-10,-9.132953409382346e-16,2.576580999000789e-05,-1.3604744720681267e-09,5.5304758998440775e-08,0.007601927070564494,-3.7771921379126687e-07,-6.289493989539054e-07,-5.2243569343379074e-12
1.4542127967104068e-06,-7.666250977066754e-07,5.771344100423182e-06,-1.0945499526830147e-05,-0.002847983670245231,7.738938865424081e-07,1.5333440776168583e-08,3.655250281938094e-08,-1.0074265619581607e-11,-1.820275371712048e-08,1.9482427803639433e-07,0.0034625329050269075,8.174014687303445e-05,0.0054766524204134925,-7.466368486122445e-05,1.4566359925453933e-07,-0.00202073201428423,0.000238837427076148,5.7239056457780425e-06,1.1324727441592916e-08,-4.658883776413384e-05,-0.0001531371808748694,-2.9457009575541357e-12,2.3759515140890737e-07,-4.7718247334173483e-08,-5.5891832425475464e-05,6.116304315561521e-05,-2.15629382573817e-07,7.884591933851619e-09,-5.193601675048896e-06
-1.2248806083856705e-06,-0.00026723366745333443,1.9600134094080052e-08,-3.862049408021222e-09,0.0003171817865165709,-3.809249749999723e-08,0.000658741784066313,-1.9982471381853995e-07,-0.00032870764627370255,-1.2824164473155885e-09,0.026736319828095614,1.7016307922634233e-07,6.620666541307359e-13,0.0002567728751639512,-1.338917655929054e-06,-5.742720335402941e-05,3.1330433699699567e-07,-1.946557568645427e-12,1.48809885917819e-08,1.087819253138364e-05,1.918765746705255e-10,2.409109167543786e-06,1.766643962353783e-09,4.1835490583751006e-05,-0.00039284551197947727,4.7126241017690935e-07,-0.00027192564167455687,-8.766115833274927e-07,4.391672633395663e-07,5.5065721481881314e-05
-0.00029758190910450977,1.439724427624786e-06,0.01888298996446264,1.2490270759291455e-05,-5.1071175744891786e-08,1.8804253648162231e-10,7.963140558172465e-07,-38.262110585906846,-1.9600589766755e-10,3.3224842354342344e-11,-0.00014864601422072204,9.445935915508038e-13,2.846421147811217e-09,-2.3369671470673635e-09,-3.821106204922064e-09,-0.0001829375402269794,3.6086647492876e-05,6.795432223534297e-06,-1.551794910903484e-07,-7.075635629428521e-05,-1.6709989081597207e-07,-7.457427232008373e-14,-3.5375083166041656e-09,-2.308691441005512e-06,3.5817180724181936e-07,-7.247459654400176e-06,3.5979867854208346e-07,8.515539673260663e-05,-3.8153823595758485e-08,-5.965841188919238e-08
2.1891691923180008e-05,5.761521141165702e-10,0.2299546951870708,1.913769760857624e-06,0.0012622984150399605,0.012321738549945109,-0.0035469929875120085,3.0528139480366363e-06,-4.11267859861019e-07,4.937139208059811e-06,-1.7564139267437563e-12,5.1474155787795964e-08,1.3443630666459547e-10,2.556086107653344e-10,-3.6187923570093878e-06,1.9168191134478613e-05,-0.00016453972327594722,8.422672365797516e-09,-0.0002380552979240999,1.2142413781651829e-08,-0.012811051774157516,-9.752526355683236e-07,5.136366283651883e-06,0.00023500259714591464,0.007648695765045634,-1.8951028226312488e-11,-0.00020135954200876103,-1.501465396572846e-06,-3.354990123419471e-09,-1.8263572246004586e-08
1.9429897662187206e-07,-3.7830910696264896e-07,-1.0755923730437613e-05,4.98755727216864e-06,2.375457444403344e-05,-5.1362045316768154e-05,5.1364606032959346e-08,6.205968104162714e-08,2.9432963398516172e-09,-0.0005011638188367856,0.010842712411692972,-0.0011546124439939034,-0.0012634673651483136,7.5743099047976424e-06,-3.8466110580913865e-05,-4.2114062922129666e-08,3.765646160767723e-12,-2.015174899924282e-05,-0.00011217336352042066,1.4060664284040976e-05,-1.244092698372377e-06,8.605373932693649e-06,3.027369540004495e-06,0.0012838260725216606,-2.2557976436545893e-06,8.80376817454064e-08,-0.004956746232071226,1.0357693480272868e-06,-2.0966297329970164e-08,2.3115085586263044e-08
9.17940768631633e-13,3.854666707274741e-05,-5.4131412816654776e-05,-0.00023108785753438009,1.4836139277622897e-06,-5.066715664544777e-11,3.5971441028124985e-06,2.1651221510585928e-07,5.701187364817934e-07,-5.802089549360591e-06,1.036016294455285e-05,-2.688414626081997e-10,-9.229268745859824e-06,-1.3789749836265192e-06,-4.6492512779809516e-09,1.4752744093089032e-05,0.00017987363743117584,0.0002701237190283825,0.0002220575944534664,-5.505864266618429e-10,4.484471898514642e-09,0.09425860900727613,0.009479318271463331,1.5155595024475835e-09,-6.140428413830298e-06,-2.6139866056978204e-08,-1.0090933827868342e-09,5.050725269661593e-09,1.2446924902873134e-07,-1.1114492310233542e-05
