-8.147710256857875e-06,1.4777429579632315e-08,-0.0032005130387415194,6.660970491731861e-06,-5.0783260172947085e-09,5.54250925855721e-12,4.1467771133063226e-08,3.1071209107776215e-07,-0.0008138492633286957,-4.0869219694600014e-05,7.434825296731228e-07,-3.5397292199493904e-11,0.00011584993661880788,-0.1523195278386492,-1.038617621150482e-05,-3.526742691635608e-08,1.7418115290934082e-06,-2.18829530332882e-07,3.488605808121856e-10,-1.6261752899509306e-09,-0.0001062298596344802,9.606695447084236e-08,3.97490825503299e-09,-4.108991326006911e-08,-0.12126908972414432,-0.00010175703901844216,0.001051764279888108,4.983669238877456e-07,-1.5069794897430265e-09,-7.52824944857085e-10
6.481087506457118e-10,-1.3391597556673934e-06,0.0005877800005684747,-0.06591961242994211,-0.0013417072120874526,-1.7227731920254994e-10,-8.536144522510471e-13,-6.047965262510093e-09,-3.630087830712554e-08,3.386517165235928e-08,4.8057845851133374e-08,-2.2067637783526042e-05,8.914351106930141e-07,-2.1999243748924806e-08,1.5112239976078503e-06,0.033449102208905755,-4.7471359826243934e-08,0.045056844070754144,-5.289566057200658e-10,-2.943851988453922e-12,5.881642210483736e-07,1.4210663649212344e-10,-5.675154267817626e-07,-7.642033448680554e-10,4.2804099009817725e-09,4.683913140924235e-06,-9.003807114645538e-06,5.096202592933884e-13,-3.0607900262222165e-05,1.198565410711608e-05
-1.641314501202176e-13,-9.777353521274218e-08,0.001499556471058002,3.101236742151393e-08,1.9287314057941735e-07,9.332754196274194e-06,4.922076864291748e-09,7.255270250045977e-10,1.9750074505204355e-07,0.00014711983016715558,5.472980652604141e-08,-1.2408900678567347e-07,-4.751617725035707e-05,8.249260632075547e-10,0.0007343842457969037,3.9732779241842346e-11,-1.5978653766729076e-09,-1.17817396466194e-08,-3.478724968345838e-11,0.006542969633234497,-0.0012781230232716285,2.6584147850588777e-09,2.9571944168057386e-11,1.664553380508332e-17,-4.557994100596822e-05,-4.201719320351496e-05,9.61796578527462e-11,-3.5101708604721377e-07,-3.193111003344199e-05,1.1641011451895632e-06
-0.00010314523540804504,1.9390820078612542e-10,1.5102941672836752e-05,4.527738582169516e-12,-3.2984659335300894e-10,8.711744245329621e-05,8.906255248019427e-07,-4.6272249380978486e-12,-5.193379921160298e-07,-1.7657692851404657e-07,3.976766814516259e-07,-3.694254548788302e-05,-0.004485612163605878,1.8639793432681582e-14,-2.1525278604015906e-13,2.6177321989437016e-11,4.6969758959875755e-07,2.939691564974863e-07,-9.316913924987254e-10,-4.432587272238964e-10,1.896863837488663e-08,2.9228761755081897e-05,-5.478303052608504e-05,-1.2868511243634386e-05,3.767026569345649e-08,-2.929716801107208e-11,8.370383335757996e-07,-0.019309044529618208,4.684389919307657e-11,2.234344250851112e-05
-3.4694645264169006e-08,1.0159182112106827e-20,0.00860220074114028,1.909523220654196e-12,-0.0005130396181818443,-6.971471979461709e-08,6.375587316646263e-08,-1.2467281518350487e-06,-7.466911454296521e-11,-2.6538660986342447e-07,0.022287484199675595,4.91973566040264e-10,5.854559304321572e-15,1.063499698084618e-05,-0.00017529392601948088,4.607822229835482e-06,3.9888282318214034e-15,1.4335759141833392e-08,-4.847240705714229e-07,0.0026316210494995392,-2.1104896229702726e-07,5.848762929564734e-13,-6.239276590291018e-07,-1.0482791883742063e-07,1.2193227043821644e-05,0.001954047167662891,1.1111919791850064e-07,-3.6879242608947465e-07,-3.866729337144909e-06,-1.1186098412464336e-09
-0.00019260764403009173,-6.706468033510246e-12,-9.1263592781348e-08,4.836284476757659e-07,-0.00041490236402360535,-1.1260879165439868e-08,-3.342221490495334e-10,-8.207965560912072e-11,-9.412317259516736e-09,2.77477415938281e-06,2.9037282684029544e-07,-9.36296380179262e-07,-0.00016229535952502657,-1.7729635640153102e-09,-2.1248823667533947e-11,-1.4728665441890978e-09,-1.2768717549911907e-08,-0.005917729617840154,1.062592537990307e-07,1.4642758004279233e-10,-1.8065036280537337,-4.882320559390001e-09,1.6830307757978058e-12,-9.425852274244027e-08,-3.7326550048268456e-05,3.131581256402012e-05,-1.0948024137860544e-07,-8.239452804720979e-08,-0.0004287175263510228,-2.1047008815146983e-08
8.490097327300704e-14,2.9088937051873853e-14,5.174703972628054e-07,-3.609910678226175e-08,-6.301307920984503e-11,-6.155563569938747e-06,-7.575785182333746e-13,1.9822243047676558e-07,-1.87415498377818e-10,0.00040201014161740233,-2.630462506619221e-06,0.022205246782285363,7.450474130330692e-07,7.939339791388976e-11,6.592851186494737e-05,3.145142655891257e-07,-3.0181919907401114e-08,2.953605192301311e-07,5.760505569301351e-06,-3.6952660792120223e-10,2.7539037245993e-07,-4.7463444172284577e-07,2.2879181017457932e-08,0.0002742078709063719,1.178878744226736e-05,1.7215891852279756e-09,3.183889995998153e-05,1.7133203036365597e-08,-6.131013541187511e-07,-1.0287631991748368e-05
-2.600002769373849e-10,5.045512773361287e-09,4.801619983792608e-10,2.1218043574290315e-09,-3.1846804512579348e-06,-3.78209447467898e-10,-1.5195956882378556e-05,4.179636338695907e-06,0.021989050765918342,-5.577413720166552e-12,-1.638931251488656e-05,-0.0004956990696014585,-1.5469712042030286e-06,-1.5902028664545682e-07,-1.0537999984601167e-07,-6.525292027584048e-05,0.0001479920343254125,-1.9736253373386877e-09,-1.0325444530638865e-06,-1.826865518080873e-05,9.002689480216608e-10,6.633661676788753e-07,-5.099883528542479e-12,-9.88150821871272e-09,-2.7927709399219755e-10,-1.664174036367387e-06,6.745071290282592e-07,9.057863806933991e-06,2.1645586839392566e-08,-9.924580016841745e-13
-3.078583810007013e-09,1.9209477662082366e-06,4.3181487512002244e-11,1.6959794677513979e-09,7.271175881279624e-05,-1.6042691941381335e-11,-3.069273507863247e-09,4.7616341142980176e-07,-2.4057940351402826e-14,4.397171982658246e-07,0.020019761883382867,0.0013503339370035563,0.001972006225612952,4.626270669864179e-13,-1.118363772440994e-07,2.3803632765382188e-08,5.626984378577157e-05,-4.512189847560912e-07,-3.46862996882498e-07,-9.715310834800452e-11,-4.920401832894393e-11,3.2164941245761903e-09,-1.4804374505020795e-05,-7.634867323557055e-13,1.8211467192714696e-12,0.0023411069034066376,4.046188024701852e-10,3.036418175064663e-07,1.646927255615175e-06,1.3940623151467263e-05
-4.140997888564765e-07,-2.7691702794010327e-13,4.885774632091483e-13,2.708420523222561e-10,4.19568369604166e-09,0.0005398012521531839,-6.082515795797631e-06,5.8953453236331884e-05,-1.2318448629121894e-06,7.818668300097309e-07,-1.87989839664208e-07,3.636345445242172e-05,-3.8121056423712725e-09,5.600694591397408e-07,-1.1927634416966872e-06,-6.089787688728368e-07,0.00019972902632343215,0.18227847061676544,2.9211356488925987e-07,-1.331254445886322e-13,1.716972477293591e-08,-8.890958014695143e-06,3.155374448724972e-09,-2.3592703579277093e-09,0.0017481905310988248,2.9723376601687126e-08,-1.896589649705516e-08,0.032738157954139466,-1.9326752670499147e-09,-4.890737721713939e-16
-4.611448404442571e-05,-1.6043480108935578e-06,-3.2693974176238033e-09,-5.538406985981043e-07,-3.294142287428869e-10,4.8255725009551806e-08,6.252702814471819e-11,1.482153066232966e-11,5.606830584210974e-09,1.3361975743731869e-08,-0.017059081960593168,-2.456002490544213e-06,1.716077172107638e-12,0.025963666025192664,-1.8994051468511063e-12,6.107576495070097e-10,-2.1538034780714712e-07,8.372928611534721e-09,-0.00040853232377839924,-4.251150639571976e-08,-8.732142624173165e-06,3.344830236106787e-08,-1.5955260280143021e-09,-5.792615194575897e-06,2.7787147606040187e-06,7.931713172694604e-05,-0.001988665818995763,-3.039862109397587e-08,-3.217859581760884e-08,0.0007558257767905687
1.7381401361428169e-09,-0.0028838401506797364,-2.1211362255198947e-08,5.258821226615892e-11,0.0045804104234824896,-4.055637475315624e-05,-1.863078044392633e-05,-6.575300633545738e-12,7.326551994869777e-05,3.5636574095188486e-06,-2.4391349889692407e-10,1.0743824081007969e-05,-1.1983393751320174e-05,0.0002225940349446021,-1.1914730510526371e-09,0.0007640252241842531,2.362843107779212e-05,5.283121930854141e-10,0.015192907364981028,-0.0006403476526962749,1.0017737467561727e-06,-0.00036147337077119815,1.4591885170005043e-15,0.00019050396158360017,1.1977474474917783e-12,2.3055996167051634e-05,-1.2706969753340767e-19,-7.553864208937602e-05,-3.5257586010709127e-25,-0.0027435572172677322
-2.1292447037270833e-06,0.1408513353823239,-6.471349043203221e-11,-2.4243585499485924e-09,4.2674690673630795e-08,-1.1680244651403072e-06,1.0731595270029214e-09,-5.880906734054852e-09,5.230025848731259e-08,-5.842392535848628e-08,-1.291206299274177e-11,-6.253323456806498e-09,-2.637808648281605e-09,-2.359491250838243e-06,-0.021046524396203928,-6.305105077633137e-05,9.975781985474804e-12,-4.976131751846074e-09,-0.0022747387376617066,5.407643460942248e-06,1.2784285294596756e-06,0.22412706870300966,3.124006574380612e-05,-8.71561546148226e-09,3.3509599362756927e-16,1.6181112494401076e-10,-1.2581938419038725e-11,-1.6523934966285045e-10,-5.159789891374422e-05,1.5308462602838498e-06
2.888147156578449e-13,-1.0014278996721805e-08,-5.957786368619602e-09,2.5423012508318616e-18,-2.6856097715212823e-08,-1.0017626291408852e-08,2.274420695834037e-06,-1.5799996995518245e-09,1.0440782468087207e-10,-0.0021235330178923555,0.002978175778710652,-1.0136975629763144e-07,-6.074283207452518e-07,7.190850658431104e-11,6.953192944073088e-08,-6.338590849518571e-08,1.302598612008994e-12,2.196761746331264e-11,2.2615121051624678e-13,-1.0060570984589268e-07,-1.992707025371521e-07,1.3213802878994225e-09,-1.1281972511655303e-08,0.0012759312661453307,-8.016083055155412e-08,-2.996106169788159e-06,-1.1832533232330089e-11,-8.832507552236082e-05,3.593554081974201e-08,-1.330486317354579e-10
-4.9199783175797524e-05,-4.551791587392481e-14,6.051341284804477e-07,7.4819462942935764e-06,-3.24597988793039e-08,-2.652634751628718e-06,-5.291963383963204e-07,12.371026884715981,-7.93325133865818e-06,1.891300499559571e-10,1.1426493565872242e-09,-3.7857253306435025e-05,-7.539607449426518e-06,4.2998415605909744e-05,-4.0789549524017265e-08,-0.0011647356818739465,9.460102252003088e-07,-3.2541164228135486e-10,5.311804444346235e-05,1.2088194230153625e-05,-4.000593845492503e-06,0.0010825435875650706,-3.51131496990982e-07,-0.000732109502119279,-8.416517971547391e-15,-6.862918388613123e-09,-6.822121963126125e-11,-4.9641372325841584e-08,3.382839320444794e-09,-1.8355535039902653e-09
1.0764845945956745e-08,-2.360045113590023e-06,7.884304892917599e-06,0.00010228434707387509,1.9890786598940466e-06,8.624111584444655e-08,-7.892387086115332e-08,4.7947811022269566e-11,-8.125822526784551e-07,-1.9582537820127123e-08,-6.510950750524404e-09,2.05293948225582e-06,7.165840737137681e-07,-2.24010838199259e-15,1.6855571700656347e-12,5.211274705453103e-05,-6.34665838689328e-11,-2.4934014537244443e-14,-5.590895341865746e-11,-9.118211573164564e-12,-2.9625122540948743e-09,-2.744126148271084e-15,-0.00011332920409355025,8.730908215804112e-06,0.30187245519552897,3.563483680895072e-07,5.333598136918167e-10,1.1670439868862878e-08,-2.6236612575878684e-10,-1.0282126268595473e-07
-2.0472113560250226e-05,9.54159761245178e-06,-0.0004742563859123956,1.5739880950579196e-13,-1.7121424794789518e-05,-2.616606334065192e-06,-1.3046110485638591e-08,7.26566828065924e-08,5.564744377152945e-08,1.8754176952576024e-11,-9.662646159793423e-06,2.9557700710875782e-06,-1.1408885696566213e-07,1.6528500128105902e-10,-7.374718131275588e-12,-2.57063897466222e-09,7.1861001956020415e-09,2.3291425353521448e-07,-7.131394663832724e-06,2.7034540224217283,9.691735116760891e-09,-6.058843038368942e-07,-0.0005417930217876842,-5.637031437334308e-14,-4.9228612728214476e-11,2.540278416756735e-08,2.26640207650076e-07,1.6901441938830973e-19,8.57988285362994e-13,-1.3271012904105982e-09
-3.549153972422631e-14,2.9592741312541144e-09,5.8803281177810045e-05,-6.418792974990401e-06,3.4793905200629447e-10,0.003222291784815706,-1.5694784898771012e-10,6.31509722799175e-06,-7.115457819379142e-10,-1.938163750455524e-11,9.062566432087524e-08,2.6565695194794208e-08,8.703751917166037e-06,-5.912578093783557e-09,4.7723526534046e-10,3.9319537669964117e-13,0.000713936660470675,0.00036001686939129675,0.0031249192216767233,8.24233144997622e-14,-6.79612523939968e-12,-1.125694349099262e-08,-7.973660467683858e-09,0.0009454353972077763,8.014218030091379e-11,2.2238580673449903e-08,-6.274551073969312e-09,4.459269779907715e-06,2.736543120806376e-05,1.375561886205697e-07
1.2567668454877702e-06,4.8612018582398005e-17,-5.1170104011121985e-09,6.529754962973838e-08,-3.522512289211927e-12,-2.9601524787792275e-10,1.1018653591520889e-14,0.0004927836181573429,2.600192793427744e-09,1.5432345332731678e-06,-1.2359462506044375e-09,9.635511971610385e-05,-5.852892797178423e-07,-0.0014472282439574222,5.363080719636507e-13,-4.248043125122403e-09,1.3633822905679086e-07,1.7954794661597825e-12,1.17493732767553e-08,-1.22000236676898e-08,2.204260693093037e-06,4.110358780677547e-07,5.983970194246505e-12,-4.2877154958489226e-05,5.9957315126805796e-05,7.385346407698451e-10,0.00015797705401329298,-1.0258940686972672e-05,3.517147390821281e-05,4.374161593700672e-06
1.9635785451587338e-10,-9.15081004367714e-16,-1.0965317752611343e-05,-4.7779239552440114e-12,-1.2460879977240853e-06,-0.0001055765115754584,0.000848805815905777,-1.7872160810839072e-05,-5.406731265321852e-08,-9.444998638786654e-10,-9.02411490586629e-11,1.7364739620049092e-13,0.00032935934084526514,-1.9117248532618924e-05,4.158694614227527e-06,2.1160545161484895e-07,6.359893277950131e-11,1.6570224872178116e-07,1.5632209713456638e-05,-7.820274784877092e-09,8.755957591433643e-06,1.582492927884815e-08,-4.8127162663132896e-06,5.4151127322918315e-11,-0.005458196628615403,5.472876314837767e-08,-1.5451983860509555e-08,-8.2090147081007e-14,0.026959504428170696,0.004778240342543104
1.299057518821466e-07,2.002614497586656e-08,-1.3103961515213945e-07,1.8697464297278853e-13,6.009746219870837e-09,1.7607163305763012e-06,1.4336100175290559e-06,-1.928996625679999e-05,1.0866075343756622e-06,0.01589563007276483,2.4614695424965758e-08,6.733573946928454e-11,5.536088754729366e-10,3.063272473322351e-07,-2.8325916972471425e-05,1.071654536551266e-14,-1.0955481891344295e-10,-3.557426814463622e-08,3.450171283200526e-08,0.006705709728051725,1.0348268162628817e-09,-3.2197075602995513e-16,0.00027550012889943656,-1.4629244423744287e-05,2.6730219470603312e-05,1.1258670848094181e-09,1.2624691443600032e-12,0.0012498974394550078,-3.833872378120195e-12,-9.333527059481303e-09
-0.00012141897376442163,0.0009100851713927656,-4.510670813236217e-07,-3.1608347347892283e-10,-2.7618516881892588e-06,-0.0009037091591089444,-4.4884834519046105e-11,0.0003585025684017668,-3.2781090892413315e-07,3.939329229879761e-11,-0.005681932874668188,-2.5857528097743748e-08,9.522218728527007e-07,-3.4698016249862414e-12,-8.55059270272734e-09,-1.9237464153446787e-06,1.5937768797147264e-07,2.955032819600542e-07,5.885834008975719e-09,-1.6730275474699224e-06,-3.6779625916340794e-07,-4.105392138543049e-11,-6.034095178050593e-07,0.011864360816202341,1.184438476522085e-05,-4.865881967788885e-08,-3.3813173730113955e-06,-1.2046550951876355e-05,-3.707968783938705e-11,-2.7578833061876892e-11
1.3650110372564894e-06,3.290602706244725e-08,-7.110928804102685e-14,8.605539066561461e-10,-1.7541777769366183e-10,1.7342900733757534e-08,-1.3573558518917692e-10,4.2327456792550424e-08,-9.839651467783649e-08,-4.213528363360467e-06,-1.533893354586363e-09,2.9867840567712563e-12,-4.937747336375741e-09,0.0007455884216799112,-9.540703375992637e-08,-2.650853943899825e-07,1.1797630742731156e-06,1.1385782255726647e-08,2.2177711235879226e-08,-9.947643467893801e-05,1.5725457678040404e-05,-3.070715854510164e-09,-0.004985545717113715,1.870389349238409e-09,1.8023038369599527e-15,1.5240762996106482e-08,-2.997093665167468e-08,0.00039029820492757634,-1.861828168329578e-05,1.399015799173982e-07
2.6886693855985254e-08,4.726607406698953e-13,9.961876021535962e-11,6.006570113828695e-08,1.8793888996221155e-07,5.681282951433059e-08,1.3990722791689383e-07,-3.0034143606552795e-08,-1.5305167134304267e-05,7.728521656222883e-05,7.614116596532815e-06,2.5262452776924285e-10,-1.8064262378992375e-05,1.2390361539707928e-09,0.00015188078579036376,3.969155655986362e-05,0.0012901739622756556,1.4649140730643398e-09,-1.9701623666730208e-08,-8.454803842322902e-18,-2.3276812454094553e-07,-8.883061189758001e-05,4.8263611578838315e-05,0.00036775540010956163,2.276758064486022e-13,1.1759669691448113e-12,-5.2162997931840305e-05,2.5613304159936324e-07,0.00031524015104703946,-0.0002225608698961414
-0.0015617137893806125,-4.964057120576154e-10,3.351219941511789e-07,9.897382661243497e-12,0.0029376345398463553,9.910082395214461e-06,9.148664378299179e-07,-3.2324142306586195e-07,6.4849157181589e-07,1.4291243615069653e-06,5.9465052701435885e-08,-8.230536520350817e-15,3.183241566528569e-11,0.0002640378514373033,0.0005249265211608487,-6.866591668630421e-05,-1.3115805966210378e-07,8.212321028278553e-05,0.0020723449189555773,-0.0053871908627474785,1.97066436563865e-10,-1.9167133750994724e-10,2.7947670376650496e-07,-2.806846789771221e-10,1.9146918525583037e-11,-0.0009046371862123764,2.000468277009106e-06,-2.7663968397137945e-15,-5.0723386119874066e-09,1.1679206981562602e-06
1.2632266617531795e-09,2.369507938568032e-06,-1.1461449129639144e-14,4.0260749803688145e-13,-4.220859599945238e-07,-2.7197338812181654e-16,-7.159268271416184e-09,-0.00010258400293963304,-2.573610072279892e-07,2.4774129214212453e-10,-1.211679323341755e-05,-3.9298842972259446e-09,1.394154777133233e-07,3.378922830042697e-12,-0.00010808510492317616,-4.461610903760953e-07,-6.802585883263043e-12,-4.450215811080493e-13,-0.00019403445974463263,1.7121640847010118e-08,1.0341988751618635e-08,-1.518024853088051e-11,3.0272419044443594e-10,-3.4548306185462796e-05,2.512790573641876e-05,-9.468657400297027e-05,8.779701967938812e-10,2.290696827665426e-11,-0.00046782908121152336,-1.290328604238875e-09
3.8170364015364617e-07,1.819963882261232e-09,-1.242240438103356e-06,9.156086821091831e-11,-2.4201785195737148e-09,0.0005764466042299192,-6.952953556887662e-09,-1.440984791439411e-07,-4.91549275496601e-13,-7.864675347308207e-08,0.08393379247397129,-0.0005520127014821242,-0.22959166517026466,-3.7226785308816217e-06,-0.0009826358159659835,6.28509818700853e-07,-3.653913146354954e-08,1.80688285159663e-06,5.578718300077361e-13,-1.438540017069504e-06,7.173949365762114e-10,3.4628272448671982e-12,6.600513879458331e-17,0.009601321360580835,-1.4638938399489072e-05,-0.07197131283095315,1.263748780070716e-09,-8.871287185056232e-10,1.3859582326218733e-11,7.795898069782968e-08
1.1212154640427923e-05,-0.000335469367281384,-1.3035846675567646e-09,-2.1236341211248256e-09,-5.565555330139041e-13,-0.00020078677495652527,-0.32736961305263823,5.422932256200698e-06,7.787337345572329e-09,-2.5134558512141344e-11,-6.935780527551597e-09,0.01005085133140743,4.564169185687499e-09,7.386022863784491e-11,-1.1900298257194831e-07,-3.989385266857817e-13,-1.7046417403939157e-10,-4.950219254072255e-05,-2.6082213126506314e-09,-2.3973905334932254e-07,3.199679495715156e-05,-2.446390461696965e-08,1.7674514053161926e-09,2.9693610095586616e-12,0.0007730481766549878,1.2877209302012895e-05,-2.475567339470561e-13,1.453228938282389e-10,2.2780793036608725e-07,1.362070533038397e-06
-5.403926373555662e-12,-6.19529431890399e-05,1.7124847017838128e-07,1.1377424534237663e-07,-1.0475840762372171e-10,6.415259988816829e-12,-4.016973410605238e-05,-7.106805830847412e-05,1.9930397811542197e-06,2.3753667264710928e-09,-2.915794725951504e-12,-6.681156087269184e-09,-8.446769530905311e-05,-1.3719116205301087e-07,-1.2895740338828005e-10,-8.42122894727655e-12,-8.056457431418627e-09,-0.018868541524490943,-1.0976434918537276e-08,1.0754382857452471e-05,3.0307548848702803e-06,2.2083529611407095e-07,7.140575397118156e-11,-0.09766435626848148,1.3486713033087876e-07,-4.740285873213685e-10,-2.2069561530268499e-07,-3.0013552525549892e-05,0.00012190094875622141,1.5571818827937568e-12
9.981838665251332e-08,2.4267003864967237e-06,8.179105153787419e-13,6.513209828861124e-07,6.280322982106189e-07,-9.383221396990887e-07,-1.5907715238034104e-09,6.481559748430048e-10,3.91740040765558e-12,0.1261570786997725,-1.6935872320536424e-06,-9.9782485050698e-05,1.83296421226568e-06,-4.4891843386028415e-05,-1.6433903762715887e-06,-1.842476536366692e-05,-1.775995345838869e-11,6.034960949763301e-06,-8.036527683046365e-06,-6.763108935905223e-16,-2.027865251411352e-12,-6.463165404807012e-05,2.8763414188926694e-07,2.1008869278140925e-14,1.3396331403381095e-06,-5.292833042855803e-11,-3.1468532329196947e-10,3.979155935756524e-09,6.0423597132656675e-06,-3.2088072233719797e-12
5.481455338228676e-06,6.691834685971028e-07,-1.5681861404858514e-13,-1.1936379821157761e-09,-1.4926429999272214e-05,0.024031513160693317,-4.764633308126016e-05,1.0031064199148083e-09,5.295583277129706e-08,-2.0002809048401057e-05,2.747189262555712e-07,-4.505576565856975e-08,-1.803930421243082e-09,-2.6728956126729925e-07,-5.477120855623666e-07,1.0746428382951594e-08,0.00017102913694368762,5.807903399350001e-16,1.3767169297724357e-11,-1.5466737879400592e-08,-2.833506938594381e-17,-2.2631799843065607e-06,0.018884629669898158,2.3340637081860325e-09,2.9974290761162673e-12,-1.88719074607375e-07,2.5703312004070613e-07,4.8723094715628755e-06,-2.166930860857089e-11,1.4712556726302572e-06
4.050931250287734e-15,1.05170478213551e-08,-7.528723468397838e-08,-5.032066796373137e-09,3.5418394311126844e-07,-8.584834860195178e-09,3.288261078911936e-05,7.1891747117989375e-16,2.336124928645065e-05,4.30167896388829e-09,-0.053926294808370176,-7.351779179852956e-15,1.4753806576921997e-08,4.5577676719550145e-10,-0.002726633972751797,-1.0401214113535944e-08,1.2337884961727026e-09,-1.2165858353830703e-06,6.633845083955423e-07,-2.491828297333309e-10,1.3693378719933925e-07,1.2679931714080571e-06,-1.4928768237710412e-06,-1.3445877008891273e-14,-3.810963706902642e-09,1.3977842369506639e-08,1.5837797309553875e-07,0.0012599473024872858,3.442370702496006e-14,-2.393021064324092e-13
0.16606751714205878,5.492238157239632e-12,-6.85360468731807e-08,-0.0008461898349646438,-2.131347622068284e-07,-8.745449617042282e-12,-2.141776512817083e-09,4.683780532277557e-10,3.718071482478275e-12,-2.2894172881686892e-07,5.419027860434071e-09,0.0001366889081292087,9.198569811217977e-11,5.495518938594996e-14,-3.323178316972367e-07,3.794953083812388e-05,1.6845994499230394e-07,9.550019740555168e-11,2.4290454320043103e-10,-3.878061434315623e-05,2.2094719694609726e-12,6.529304714328741e-16,4.942595800940545e-06,4.10311910402081e-05,-0.0008872117240235148,-5.342237313676265e-14,-0.001879819646349652,3.481924535965078e-10,-3.2277023774837084e-10,8.397049285075256e-07
-6.50369881180643e-11,1.6732501556359168e-06,-1.3779235812817107e-06,1.0254574160706273e-07,0.012054408346439165,-2.2801758905415573e-11,1.7373024124342846e-07,-8.033417654664308e-10,9.116534859533221e-08,8.770652442271144e-06,-4.0052168927452175e-08,3.832616620368481e-07,-1.8099084591289416e-09,4.929890299140217e-06,4.527571974626675e-07,-4.603170375807046e-09,2.808261248578368e-09,0.0006838001211875129,7.940440491276393e-06,-3.8321053354239287e-11,-1.5683935060839554e-05,2.946698841212581e-07,2.7921187680428123e-07,-5.732951645899183e-12,1.2165717529899618e-11,5.240278162689952e-06,4.2389214433414564e-05,-2.8327003991171725e-06,-0.026737897124974003,-6.781562060900954e-12
6.7736494172927135e-12,-0.0006162904838976201,-1.0095079096657957e-07,1.0914915770070481e-07,-0.003972320891934784,-4.633466833330247e-12,-1.700604534221503e-08,1.8288701864917816e-06,-1.3921810668164571e-05,7.71781090693048e-07,-6.332441926912561e-06,0.0004840699807414073,6.107570904267797e-05,-8.218408977194248e-05,6.664287574623649e-09,-3.552391829630883e-09,-2.8748836197896204e-06,-5.477904134184033e-07,5.463392436498616e-08,-2.989943315030548e-10,-0.002648305363846673,-0.0061858822799915406,5.1480653690341923e-14,3.540516728647079e-06,2.5183744061538815e-10,-0.0005623384820848691,1.6600147505958226e-06,-7.138892514755622e-11,-5.049494699923289e-08,6.672128964242124e-05
2.0931213605839946e-05,6.517273830405889e-05,-0.002576192659322561,1.1749228619725392e-05,0.0004735970953199073,-5.911521474385636e-11,4.956143331662737e-09,7.718025064538859e-14,9.219041786410452e-05,3.006752512126602e-09,-8.838541000821333e-10,3.9626383449042247e-10,-0.00026545379126940153,1.192286790213572e-07,-8.080329250034543e-08,-2.8333897357972114e-05,-7.709526673407718e-06,3.831852609880431e-12,-1.1643844904539431e-11,4.237618250632768e-11,-6.207817132571897e-08,-0.003680739288206935,8.633655781009345e-09,0.0028434883423731835,8.529140416706803e-10,4.336250571909298e-06,-1.3654577317842325e-12,-1.3039001642620196e-06,-6.39546373330352e-11,9.727851280762837e-07
1.4426966310764294e-05,6.381760495731143e-16,9.803432541598338e-10,8.162144671618982e-11,7.327663237581529e-09,3.176716245588018e-07,8.267344742545899e-16,-1.189615383376744,7.656290166706544e-05,2.733337243184889e-09,1.4786377943889782e-07,-1.9186178818596462e-06,-6.889758738259362e-08,-1.381866676011535e-11,1.6417202682255015e-09,2.2046501685522012e-07,-1.3055992963109648e-11,9.729559637347336e-09,-1.5770015910228858e-07,2.2046248065720717e-14,7.640715126135351e-09,-6.558854656934024e-05,-6.924029450569676e-05,-2.0769631713984521e-07,-1.8653596626087317e-10,-1.4296920944634693e-09,-9.46131216071366e-05,-0.0576976649923125,1.6959223160317512e-06,0.00030217130000894515
3.1274159773467944e-08,0.021995083877136768,2.1873006053697138e-07,4.887096374778954e-09,1.902622401251905e-12,-7.577222023068107e-11,6.7580412013995185e-06,-0.029453808956250525,-3.1267516912580827e-10,8.402319453544155e-05,1.9207884729341566e-07,0.00020336079311621268,5.3924438323343e-05,3.462283682788502e-06,-6.34589051088235e-05,-0.07411060309494552,9.898154958759527e-06,-2.52504436180292e-06,-7.621868408834564e-07,-6.263567473091316e-10,-4.0282205762163074e-11,-0.008648573376139545,-3.895561550107376e-08,-6.045100152999868e-11,-4.622621508868519e-05,1.529962494810089e-12,-2.154216612711385e-05,8.087270871612909e-05,-0.000537409114807944,-1.5470952092730894e-13
-1.5057522084458376e-12,2.6041307285787812e-05,-0.00024545055867779503,3.4525403431904223e-07,-2.086102939824468e-07,-5.322395323659274e-10,-1.9301022068690357e-09,-2.812383036735795e-17,6.101880405762682e-06,1.8255823060556926e-07,5.507269148175657e-15,7.540183569506672e-09,8.679890803149765e-09,2.5210684618015244e-05,-5.1132984059612683e-08,3.509310366615644e-07,-0.000600790279594846,-2.725470284888811e-12,-3.446847376990024e-08,-5.017989657028142e-05,-0.2612087694436742,0.05574433931637077,-2.973311994487605e-05,1.7516866573750332e-05,7.86133072278446e-06,6.668173153336457e-08,6.523345731144499e-06,7.806998247515082e-06,-2.576840505475388e-07,1.711709769091347e-06
-2.8047144348879914e-15,-0.007469725567422131,8.879988749734559e-11,9.873025280442249e-15,-6.317563199360749e-05,2.972512342924861e-07,1.3566668424622175e-11,2.005890798029681e-05,-1.5112427975721882e-07,1.330181039593932e-05,2.583740436017273e-08,1.0758502138636848e-08,1.3598790271574305e-10,1.3994392660640107e-16,-2.429467551337778e-07,-4.083461401776499e-06,1.8740441509568126e-14,-4.389122503963727e-08,-9.468173440697596e-14,-1.4194413753944942e-08,-6.578625563559277e-05,0.24365429234553115,-8.346937234701379e-13,3.661488219469896e-10,-8.197064868572218e-15,-2.8329650501779264e-12,7.2197577516736684e-09,-1.5888927809625414e-07,-1.610618313199991e-11,1.3570636368590206e-09
-1.5766822631111987e-11,0.0001138528465703762,-2.102779537319325,-2.7772229976797057e-11,5.9938245395453775e-12,0.02499892685505273,-2.15001506385537e-06,-1.3049431632788555e-09,-1.31436570605549e-05,-4.728230220382658e-06,2.3145700177906603e-07,-1.551730370940006e-07,9.560820690369413e-07,-9.088684440093037e-07,-0.00012170368995028982,0.00014430256218387846,-4.643397456588053e-12,-2.655198145186864e-12,-4.0346820161278533e-14,6.119518488464796e-06,4.565510807780256e-11,2.9885747928866616e-07,-6.911006585962676e-10,-0.029738060375123568,2.799647686696144e-11,-0.008005821283545001,3.512398400305403e-07,-1.9743096718462726e-12,3.125625244115303e-05,-1.9584544311378867e-09
-3.406811409102001e-07,5.564669180365222e-06,4.422947488055488e-06,-4.144451431242248e-08,1.8021151892452555e-07,-1.8635014789602484e-08,7.687174831590702e-10,1.5682942721169533e-09,-1.1455220817963549e-08,-0.0006869052898907819,-8.41605631808338e-11,0.0018285460849644453,7.100319500918393e-14,-0.004313948972629199,-0.00012312090646604461,-0.002765351178317736,0.007675982823551442,1.940446332640752e-11,-0.0006990911486319893,-8.637739794225888e-12,2.86728914258178e-10,2.7915691185761307e-08,-2.546802564729979e-15,-4.252367591850639e-07,6.130771291177173e-06,1.0568506050583926e-11,0.026396104782886343,3.801983538428503e-08,9.062633969538086e-14,3.434947777440499e-05
-0.001602621699943992,-1.440412142450751e-07,-7.56029513484315e-06,-1.0066883369396684e-12,4.789267955568677e-07,-3.208110757120457e-09,6.463229993214779e-08,3.2545961020337414e-10,-1.1167533761665742e-08,1.2769645316255807e-09,-5.523360214236793e-09,-0.011926514491764602,1.9236965940078163e-11,2.238911662089957e-12,-1.4343534143843744e-08,1.1481829128460363e-06,-2.156899865424378e-09,-1.3145293457580528e-08,-1.7300860384779251e-09,1.1716061400399694e-07,1.3308386308439596e-08,3.760541981138135e-10,-0.08965835805253433,-5.3107926940020174e-11,-6.959105754006194e-10,2.9312621050596505e-10,9.606928362021453e-12,6.974604722952176e-05,0.0005163399157576492,1.7522975109679706e-09
8.810454809531572e-07,-7.3049199165318265e-06,1.3120312875299712e-07,6.901875379470795e-09,2.6818559855880485e-16,0.004689523588217069,-0.008579525909412517,5.208250127004366e-09,-1.4061926715299895e-06,0.016859970479511398,-4.346761489187812e-08,-1.8554543645609488e-08,5.0140350353841285e-06,0.002658497631066853,-1.1325236835417944e-10,3.951677671258179e-11,-1.1430397183472757e-12,2.438136066489045e-07,3.4133515324766603e-06,-2.9844055656194466e-07,-4.388524310211418e-05,2.6669083364652715e-10,9.200522805272488e-09,3.5051786286695015e-07,3.5215629829878147e-13,-7.798414626783897e-10,1.234415233076093e-07,1.141856226543925e-12,1.0014905826882636e-06,-1.1089419277028227e-07
0.0006287451796019084,4.9948764169735335e-08,4.585415107080988e-06,4.331464941260521e-07,-7.291623035997833e-05,2.5165777050626913e-07,-4.5184528756351445e-08,8.544259924788631e-05,7.656149004441354e-14,-4.172372174484341e-07,3.361130554127613e-08,-0.2100182866785084,-2.715649271076207e-06,-2.9598840654497284e-08,1.1912269558535822e-09,0.00020582204457815438,1.1477367209717892e-08,0.00033842590915107235,-4.901402279831839e-09,2.5252275807698946e-09,-3.4363599021259076e-14,-3.482480491827127e-08,1.4145243914556932e-10,1.6340859523370754e-19,-6.321371829406495e-05,-3.804007023428353e-07,-3.2735823498852885e-12,3.038148841811036e-09,1.37495198182511e-08,-9.825901118764554e-10
-0.0006811204709480822,1.2511305947677533e-13,2.5472084922159885e-12,0.005355628150167183,6.733424144522253e-05,0.0016776510915469608,-6.073308378984196e-05,1.6884009321818736e-09,8.517256066088476e-05,-0.0005785506810599811,-7.600857345574503e-12,3.598379291489378e-07,0.00028970062948324986,-1.958534228667788e-06,-5.738379242295926e-08,-2.1565175899972264e-13,-9.881746866219996e-10,-1.5922061957216693e-07,-6.855402291060235e-09,-1.1214399722557884e-11,-1.8511973012443032e-08,2.365567868424725e-12,-9.467761024114453e-09,1.9991497279729878e-08,3.5181961752685945e-08,-0.000629785003066491,2.968164315937905e-09,-2.2930179505244824e-06,-8.361123291668332e-10,9.295348414981144e-11
-1.7398632841099886e-08,2.129089723260365e-08,-7.517766410092474e-08,4.418198283333365e-06,6.969634705745153e-12,-7.067341954587388e-10,2.885554142238208e-16,-0.0015031024956913856,5.154565453154745e-10,-9.33991397243403e-10,-0.0017053413624317849,-2.8420933004631002e-09,1.5972591958793635e-07,-2.670051792605548e-07,-7.049685405717805e-06,-1.1954201141217095e-13,-4.449604441697321e-07,-3.976579277505792e-11,1.5173277765724495e-11,1.924184059898073e-13,0.0001407131862969854,-1.458926795477836e-07,-0.0016876626376061484,2.8243667833153985e-10,4.556209974674421e-12,-5.2838621452213186e-11,-1.995042618368172e-09,-1.305421364468805e-06,-5.693868385339882e-07,2.425255571884055
2.105459251693555e-06,5.441771818272488e-09,-1.2676765120746558e-08,-8.482170773037681e-07,4.900128358484994e-07,-0.00023123345301900568,-2.1867379830507908e-07,1.3221947756681382e-11,8.244538415950438e-06,1.857822369097984e-12,-1.976687491929416e-05,1.6807925428770945e-09,1.9321560199322965e-07,9.546786089984513e-09,-6.485066591456026e-09,-5.133174417948704e-07,1.528078310001426e-07,3.6796155233051415e-07,-1.4711599594895297e-10,-2.9590175959618633e-07,-4.605944188383387e-06,-1.864804698142717e-06,-3.201115173080211e-05,-9.097442144822576e-08,-8.439026156848167e-11,-1.498550510258232e-08,5.820422552404992e-09,1.1584387133552342e-12,1.8607721320838576e-07,-7.476548771759873e-08
-1.0045434029383344e-06,-5.7886614704834775e-06,-0.00010328818001562646,-9.021853990563334e-09,2.4399017385338974e-10,-0.00032122975164276915,2.9254900352535217e-07,1.857413513298651e-10,1.964664064741359e-12,-5.002958463738788e-10,6.543788821179574e-09,1.3768514583589397e-08,-1.4319098174950267e-07,1.7293586339492905e-07,0.01903111772581604,-0.004985381781553793,-1.2552930455574576e-09,3.0568279416104432e-06,7.540377609638965e-05,7.348170318434526e-08,1.0513945324035907e-07,7.618567875388816e-11,0.00016609319048601116,-1.755442717053097e-10,2.8367076105790213e-11,9.368131680642758e-05,4.551248218494938e-10,-3.96305480154794e-12,-6.311625224788387e-06,-4.6357519515729305e-14
0.0007262951082164665,1.0090177290929201e-12,-4.138222364855637e-09,5.217069613297157e-07,-1.1646792064793449e-07,-2.902456838975229e-05,1.1044141565138529e-07,-2.3524751955391654e-10,-7.107259600013795e-05,4.3249757794563814e-08,-1.2053054023061467e-05,4.5110411091359384e-07,7.3428202434884745e-09,1.7976174528590872e-09,5.794438289188863e-10,-5.600538933004581e-10,1.202041540312759e-09,-7.917917356833423e-07,-1.6685117912255574e-08,-0.00014511787533508214,6.03889416198655e-05,0.07065138596144603,6.284316792251105e-07,0.0014744116402168493,1.472386520325118e-13,1.3889733674793512e-12,-0.00040676697112792783,-0.0021733542849994144,-6.984390183983497e-12,-3.940055438818775e-06
-4.476546383576765e-07,-1.7135469793070174e-16,1.1263376687379844e-09,9.206697504785254e-13,2.0558822177019045e-05,-3.34776824884169e-05,-1.1532610252354415e-06,-3.404778667193661e-13,-7.084460457285784e-13,0.00023151990104308882,1.2652052184096922e-08,-1.3477279302791994e-17,-1.5125105046812774e-13,-1.702664516432119e-06,-1.7742992156851736e-10,2.8150480980419985e-09,3.00213923329918e-12,-2.636314023343071e-06,-4.781361030204809e-15,-9.767064139675891e-09,5.430445617091632e-08,1.0039135484456944e-10,1.8730664718266413e-10,-0.00019989951554026528,9.219113704402228e-09,7.62827660302263e-07,1.0188118026278332e-06,-4.269546147864408e-13,4.2697715898167627e-13,-1.2962170986302526e-09
7.451362216596072e-08,-1.8673899858880277e-10,-5.6097174475595994e-11,9.06976705946794e-17,-2.125583538062145e-05,1.6323380532691966e-09,-0.003093842988362017,3.0570247445612518e-06,-5.714383086783687e-10,1.8836190634611863e-08,-7.258291227026242e-06,7.791426382021976e-09,-7.932719491246097e-08,-2.1283122461601749e-19,-2.1001085377491512e-17,6.937662573604748e-11,1.5603341714318162e-06,0.00031287966847451767,-3.2332442346492987e-16,1.7210389247898884e-07,-1.0977295765747379e-10,8.417202694215201e-10,-3.2574115788318356e-11,3.948423718208667e-06,0.0009050875224323905,-5.957130298438396e-05,-1.93155026592413e-06,-0.0005435121703066537,1.1763188311713257e-15,1.6957431624939777e-15
-4.329455770290317e-09,-1.5233187885535295e-07,-5.509927386441901e-13,-2.310899949032984e-06,0.000210469768444617,-6.306225510257905e-05,-1.8969416048099158e-10,-5.773674395793577e-07,-7.653216120752916e-12,-4.849865565015929e-09,-8.886772244944821e-16,-7.218078617342629e-12,-5.7713996910521176e-05,-0.005428468676359146,5.4822121245220293e-14,-1.0748171026270585e-10,-2.939735632841313e-13,-4.581272895982652e-05,-1.0051692527583202e-10,-9.117726572074987e-05,-6.371299744986822e-07,-5.3769073929090634e-11,2.306681789525825e-11,-1.1000150229161162e-06,6.154641582773755e-11,-1.928310287171648e-10,-1.1612257355841415e-07,-8.061133475143484e-08,-7.936304237597521e-09,-1.8232582673229208e-07
-4.946175620305289e-05,4.000693095661325e-06,-1.5640560237628484e-05,1.1900793363400413e-11,6.695307590292947e-08,-6.433672261962431e-07,0.008507470598918113,-1.255041955829827e-05,3.000108047600198e-06,-3.626624968093736e-09,4.212365495518461e-07,0.0006830842828871589,4.5662359074248614e-12,5.9258900505554884e-05,-1.4601231735728246e-08,1.2632263918784149e-10,-0.00016929053060359099,2.1919201092669192e-10,2.7537173757242035e-09,1.4524321191768767e-07,-0.0016938950833664359,8.344324110181557e-11,-1.3304089103787109e-10,9.80404783238186e-06,7.41968404660166e-08,-0.005930398302847125,2.5118101100082275e-12,3.475808101719094e-06,1.2157110097736644e-11,-3.953780004734347e-07
2.509499660100004e-06,2.398769131763253e-05,-2.3171858446854533e-08,-3.458282768762868e-11,2.344244260293613e-13,-0.011348595982120006,-5.729581411163845e-06,-2.6748912969974454e-06,-3.056522009290937e-07,4.356155463938514e-07,0.000335392745780868,8.286276768673333e-09,-5.710746990558066e-10,0.007646257307405817,1.7503870345302903e-07,-4.442761710748387e-13,0.0257982296517279,-1.4107750367565981e-08,-9.80213289159968e-09,1.0396516547114433e-09,-1.3526954522041045e-13,4.8199479164772745e-12,-6.993288217189862e-06,-6.8936602750736266e-09,2.4690637052692945e-07,3.826395365267261e-09,8.829364998084873e-07,4.7415721901475314e-11,1.0250592848820281e-09,-2.135181949125996e-05
4.430605831903711e-09,-1.2569505155634607e-06,5.025219113712061e-07,1.620140489532e-06,-2.57801243230418e-05,-2.699644660092661e-05,-7.630364572736424e-08,-0.0001306024998214631,-8.961378534869427e-06,-3.9377368210753815e-08,-7.400670406956711e-07,-2.34017885372576e-05,3.74547951068425e-09,-0.003361380256721042,-6.120828957833964e-10,-3.895997200107727e-06,-4.600150869609952e-09,-2.6955924681312073e-11,-1.9067016517913543e-06,2.787829232154569e-09,-4.423288607953174e-08,-7.5329555447368376e-06,-3.710392629360749e-10,-8.19780517783682e-12,4.3309497015772836e-08,-3.558897362243058e-06,-3.3922489805044484e-12,-5.739747418823832e-08,0.003503579525964277,9.757338220265064e-08
2.409670672371112e-06,-2.571770627273487e-14,1.6639454635439696e-10,-2.1620117720596036e-10,8.528367676713973e-05,-4.261068202357224e-13,-6.624881326481383e-06,1.475048635832074e-08,-2.0079923099472243e-05,1.878885319121732e-07,1.4331216456249832e-08,2.372431651731589e-11,9.844806883224671e-11,-1.633373137886476e-08,1.6775768290999035e-12,-4.630421943603017e-13,6.99181076615902e-12,-6.889898833755832e-06,0.017635934091586317,-2.595095368382946e-09,-0.00020470284200982782,3.5328794158330724e-10,0.009043235272920948,1.8584335882028328e-06,0.00020808380298571096,-8.545712302161519e-08,-0.00016675523019544152,9.316605462643858e-07,-5.537443573514053e-07,-6.641516845284977e-05
1.4184250975553313e-08,1.8465714762963658e-07,2.702537444713609e-06,0.0016728016604943266,-1.1030299503694333e-05,-1.3339595871350786e-10,-2.599263344376697e-11,7.213301393821949e-12,0.00023772010056566825,3.712297714981701e-08,5.199605922766443e-06,-9.467361723868113e-11,-0.0009211604397472328,-1.5834090740076512e-05,1.9215546304652493e-14,2.9976167990168577e-07,6.867785546822206e-13,-1.149416767740402e-09,1.0810399927384256e-08,1.003642152873195e-05,5.386786404587577e-14,7.174847217603136e-18,0.0001213214094568698,0.003111208833618448,-1.1936935335565915e-05,4.3837488186834736e-08,2.1283146932042715e-07,1.2828923772698344e-06,-1.966701222794653e-06,6.686087652506017e-11
-1.3916772408575775,7.60490316733757e-09,-1.9990021056755828e-18,-3.9120628253100885e-10,-0.00022105589465108418,-7.493446947013278e-09,7.001150676556392e-06,-0.0010631597218457422,1.0564849269526184e-10,5.013207379678077e-06,-4.395422680519246e-08,2.7421267714892585e-13,6.651019636878061e-05,-1.5820637198386307e-13,4.3883521152082655e-08,-2.4845269067284858e-09,4.225964284184856e-10,-2.5000451909059647e-12,-9.796923093031313e-09,3.6497438113138614e-08,-1.4720083921215552e-12,1.4154112774857812e-11,-9.662806197169714e-09,6.006212363179295e-13,-3.172445897810592e-08,1.5165383213970382e-15,-1.3669990028511122e-06,-3.3288961086002274e-09,0.05025297348076874,-2.528123785224067e-07
2.50842794792061e-05,5.389031342098741e-11,-1.1463760166237133e-07,5.915405548870424e-09,-1.713643734223094e-05,4.036461161590038e-09,2.2140663173843657e-08,-1.6701109415213814e-08,-1.4094393887606043e-07,1.61810198792357e-05,-5.603255796650033e-12,4.6683348085862793e-05,4.8549134360668384e-06,-1.8889108516702425e-08,9.457638602194837e-08,3.699757279611238e-13,7.839887493383968e-11,1.0087040442330165e-11,-4.0656896264955155e-15,1.2573711021452813e-07,-9.179662020826883e-13,-6.061754956790467e-14,0.00027166318963871766,-9.322498030739506e-07,-2.1729380020663063e-12,2.026914262454992e-06,0.005713901509671224,0.00011597491290340294,5.562788934012821e-06,0.0001973544663848725
-9.405343014324953e-05,-4.858056635024571e-17,-0.0010966425624043012,-8.86916256585129e-07,0.016415626699952376,-1.3116316984837777e-10,2.173976163104e-09,3.424237734529475e-19,0.00016004123451100608,6.832162908078031e-06,-2.0416274142974515e-06,-4.81936461574876e-05,-4.105090266895297e-11,-1.7634485039346191e-06,0.0016594582854562293,9.713408610457409e-06,8.651274890274297e-11,-2.802845063682268e-13,-0.01939427590430889,1.3350565293642564e-10,3.5329264206110223e-06,8.999290692070613e-11,-0.2216430749993341,2.079868558712389e-10,-1.8773855076247508e-09,-0.00012637808631550858,-2.100847250528777e-12,-1.9883205099426252e-05,5.204353621431254e-07,4.606665547696482e-07
1.3360964064506192e-07,-2.3157854285108423e-10,1.3953815443796112e-05,3.2169060943699854e-12,-9.008644145796721e-08,1.7804237651854941e-06,0.00027927068588986566,-3.977962973664253e-19,-3.6092268582279327e-06,-1.5685024245074835e-09,2.8176553207806035e-09,9.96233295721594e-18,-5.6416958029582004e-06,7.028430653129834e-05,-5.072521467785442e-06,1.4321722291150518e-06,0.0072880325407959565,0.01545277653168618,-1.2837364250919976e-09,0.00034443712180861366,-1.044516600565375e-09,3.099585523847624e-06,3.163754559653265e-12,-5.160375054944769e-07,-1.0590405480495522e-09,-6.536581254232994e-08,8.234130219137511e-08,9.929716071014535e-06,1.510300289079815e-11,4.9522034317533934e-08
-3.28866469392197e-10,-7.357296920337405e-09,0.003562240563413593,-1.0178833888078262e-08,0.0003803771636009836,2.172107929528202e-07,1.471555247206836e-07,3.679854723936498e-09,-8.235237147919801e-07,0.00012650035536251582,8.858269389413723e-05,-0.09117379425524184,-0.000274003771359757,-3.6634641978210123e-06,-1.7768243747159212e-12,1.3680625490086653e-07,-7.841984822940654e-10,1.8305709700720472e-05,1.9687873403198425e-11,0.00015740217301048594,1.663652128416327e-08,1.2420874727081461e-05,-8.477972600424164e-06,3.7843593437378676e-07,-0.011462643721980059,6.503270445495771e-14,0.9250633881404822,-2.061375950112089e-12,4.565384448410863e-06,-9.065867643832505e-11
7.867336784903316e-08,9.591479465740531e-06,-3.1326330120521736e-06,-1.3432072196113678e-09,9.882420245144039e-08,-2.472353433395501e-06,4.1046338411998486e-10,-0.27405060953650856,7.212638611905069e-07,-6.617589685533673e-12,-8.158417217487117e-08,0.006291651313491236,-4.968714000364617e-10,-0.0001424075547574334,-0.0009573199281225258,-7.841301424200276e-09,-1.5244299723768602e-10,-5.84283048940837e-07,3.303627313817813e-05,-1.3493930370200425e-11,1.5508219911038578e-08,3.645668089173685e-07,-2.5389532192343936e-05,-4.7389864875343885e-06,-6.50225359572393e-08,0.14256465893342932,-2.770223475252804e-12,-1.057701522735554e-11,-5.837450932851526e-09,-1.1803991258717433e-06
2.0753390277797603e-14,-5.580136882060502e-13,-4.496214760653762e-09,6.522850205878103e-09,-0.00012318839417753812,-2.174077036055272e-06,-4.602176013329809e-08,4.153252853483628e-06,-0.0004344382106844123,1.3720928738843593e-13,1.8194268928991886e-06,7.249701064543159e-05,-2.182190856405601e-08,3.4207009969252284e-05,-1.687456759312721,1.1812255781834723e-06,-8.793846109082565e-05,-1.0333715515265112e-13,-3.447746168162049e-05,4.67384102991193e-15,-2.4134262013972e-06,-1.3220846527652008e-07,3.095781662382197e-10,-1.5416680395882045e-09,-1.6570849758488773e-07,-2.257126006123936e-10,-2.6783665943856223e-09,-1.018866768993909e-05,6.262305141238926e-08,-1.943795968719467e-08
9.595765614327147e-12,4.619094758908122e-07,-1.26172405787697e-06,-4.7015082215746144e-07,1.4893757764825144e-09,2.22425739564998e-09,0.00010794800175819232,3.612600254437548e-09,3.582411632922362e-09,3.590858582121235e-05,1.5888555908425874e-13,9.334005141426668e-08,3.835952836351332e-11,6.532826010656277e-09,-1.5783794014759796e-09,-1.3143742260070169e-11,-8.499352147304053e-11,-0.0011221175632291564,6.350615278607005e-06,1.1910293329154535e-11,-1.6730832255101732e-14,-0.09897821573302852,-7.115371545302406e-08,-2.4460337401810307e-11,-2.843842293812685e-11,0.002987662705684662,2.6100036257122427e-10,-0.00010737046976271131,1.9796197116936644e-08,0.010354428577382491
1.7138191112979802e-16,7.078658519027998e-07,-5.688969852154812e-09,-8.982043209103771e-13,3.708573387765749e-08,-4.841020744699745e-07,-3.388470735626184e-07,-1.3459415600590724e-09,3.0663172116584876e-15,-1.584921743194155e-07,1.9642679457170917e-09,-2.8256745297543194e-09,1.2206774533070672e-08,-3.673930648584897e-13,-2.741298415075811e-08,3.221363060475295e-14,-4.269980565410067e-09,9.639871664817267e-08,-2.659610010177304e-11,-3.750876030146758e-10,-0.0001376497702906416,-3.5148017559841494e-10,-0.00020443335740274625,1.2786838105273986e-10,-2.312740944145861e-07,0.03777726506144727,-1.133893787569248e-08,-2.8160777136769094e-10,2.1596034745216448e-08,8.631082124111337e-12
0.0010612195645162007,-0.0003252609066156415,2.1113319186745242e-08,3.6397301210763215e-09,-4.680107718365127e-11,1.7713287959637336e-10,5.264009356549623e-05,9.003681945514097e-07,-1.8815708189022778e-08,-2.3217756327980336e-07,4.493456672001687e-10,9.384114136265845e-09,-0.11959002173110254,-8.7624029519428e-05,-6.91773720242929e-08,0.007265721749755034,8.038885552853162e-13,-7.772077197457405e-10,4.2787239357493136e-16,-8.048168501049361e-08,-1.697018675391259e-11,-3.0694877157624058e-15,6.3062702507484194e-09,-3.272603705472044e-07,-3.3259275955675705e-15,4.576880293711016e-09,3.1535259596077515e-11,6.305583864311219e-13,-4.114508652586987e-15,8.089314263919043e-09
-1.8373605691209268e-11,-5.586118950935922e-09,-3.836161299035527e-06,2.0280312754530139e-10,0.0009341615319849982,-1.6066032907970802e-12,0.19680895075933308,1.7481203800872911e-09,3.3903800911973338e-06,2.396244356619544e-07,8.753657659545627e-12,-5.0099192951920794e-05,-0.0004173767268836918,-0.0018336208446819173,-1.5740616052646437e-09,1.5721255737459368e-09,-1.6672393875180454e-07,-5.761776569755824e-09,3.2856479510899424e-13,8.107358153287791e-06,-5.768254412242462e-10,-2.392001594072764e-06,-0.00017996189008533998,-0.3049588955323608,2.1763096322469958e-08,0.0004049887318405104,-6.218857366460526e-06,-2.0202437448774547e-19,-5.015969968458577e-06,9.210456096578555e-05
8.535507852530675e-07,-4.1088848630270105e-08,1.5756285129894546e-06,-3.274014422778369e-10,-9.685508968550266e-10,4.69871948493403e-10,1.938527432808124e-08,-2.437649337974577e-07,5.131320562782593e-07,-2.146769577265769e-10,-0.017532169342044455,-0.0010095932162969073,8.738051021131832e-16,-1.6787316771302823e-12,-0.010796885704778422,-5.926780413865754e-06,-2.7229591316816592e-08,5.801759132828176e-07,-2.005442078209582e-09,2.7302212466260875e-07,1.53495889564694e-05,3.89629228761068e-14,-2.241956405063388e-11,6.2527206154336484e-09,4.790547710202507e-07,0.0016997544968194948,0.008257255768979576,9.977596126513771e-09,-8.838474139161715e-13,-1.0393473871878888e-05
-1.2624130901628059e-14,4.472572620070817e-10,0.0010373467580828168,5.487798389206034e-06,1.6536601506502346e-08,-1.2063165210127113e-07,3.4142524355662296e-08,-1.8229691453503705e-09,2.6965138270900953e-07,-3.810831844972562e-12,-2.7477169266013203e-11,-5.146114795163411e-08,-2.713928162808008e-11,-3.9790563332302435e-10,3.654739208291441e-08,1.7328427142619214e-09,1.1994729722024996e-08,-8.478584102978521e-16,5.90562491144757e-06,-1.0129963780190168e-11,-8.821935485257268e-10,-8.688242153184639e-09,-2.4181958857525763e-07,-8.699017183332767e-12,-1.1832379472644173e-09,3.17409192973436e-07,1.5172161143713102e-08,-1.0873467234643876e-06,2.0789291785070583e-08,1.2363389499363721e-05
9.049559624570516e-06,2.592448473603003e-05,-5.064394822461736e-07,1.7247581399801897e-12,-9.848084921123146e-07,-2.1296975965045075e-05,7.89238594749236e-08,5.173336596111022e-13,-1.1090980452410444e-12,4.3561815633819046e-07,-1.552422875835649e-08,-6.366976967283477e-12,5.300722598638428e-10,-0.001701179287802612,9.598792461230354e-07,7.053317958834463e-05,1.1628518828750025e-13,3.061911438752833,8.479954332671767e-08,-1.961069737643429e-06,-0.0057415668446178895,-1.8596716706651851e-07,-4.144942802234193e-11,3.39893302138689e-07,2.436690700873025e-07,0.0006029175318315273,-1.0129266993790098e-09,2.19900912646096e-09,-0.00021315251518144864,2.72983370951138e-09
-4.84773148810695e-18,1.1516549164031419e-07,5.0599135869448526e-05,2.5766201470181994e-19,-4.166492834158978e-09,2.310785472746809e-10,5.639206289222353e-12,3.5857877159778364e-10,1.0148076421662444e-14,-0.002744064271462114,-1.532630390633566e-09,-5.096755686066542e-05,1.0695994422331858e-06,-3.7257199745269815e-13,1.5652882064979526e-07,1.941017411071885e-05,-3.987026469648366e-09,7.061246923570981e-10,-9.296583018315422e-07,-1.1235038254710203e-09,-1.991867063239481e-09,-1.8137740706991623e-08,-1.0185140272455299e-06,1.9252140474770488e-07,-0.0017601771362925755,-0.00011888396924020369,-2.1983630591698168e-05,1.2332996978169217e-09,-1.0574001363736777e-09,2.2809723964952928e-08
-2.221511537238328e-13,-6.498384797130073e-05,-1.6855669332070336e-08,1.7872041108971192e-13,-2.2141393096916456e-10,-1.4551360344114662e-07,-5.561465034443312e-10,2.906859282110041e-16,-4.662026763307754e-08,-0.001177053048758949,-1.8145624612981318e-08,2.1376425115557453e-07,-4.3791350422848527e-07,3.1725131618525105e-05,1.7786741321110418e-08,9.513958213596935e-12,-1.1339822415183409e-06,8.300640814306375e-08,-5.909615156749211e-11,5.974996089422876e-06,-3.000766844851836e-09,1.7469062489205132e-11,-2.029884446849962e-09,-4.056846933364713e-09,1.1354462880697959e-06,-0.00026032940175841176,1.2556523249769945e-09,6.848498480988785e-14,3.8840087070295385e-05,-0.002324152050510732
-7.593583025471285e-05,-1.3435247369688652e-07,1.4368521723682578e-07,3.42944544726796e-09,-1.0755125856051267e-10,-3.9023551947517636e-12,-2.8533964467702054e-08,-0.01225473248501183,-2.3124757459147737e-08,-1.5311375727649372e-06,-1.5191052083516366e-09,-8.199560955767805e-07,-0.00018411229369076905,0.033125513506551366,-0.0041703278163406285,-1.513500245323835e-09,0.0006681919490652122,-2.663068761828228e-10,-2.9242372731436734e-08,-3.2577583448529434e-08,5.054128873672185e-06,0.21224121402028434,0.0018226131200366359,-1.3597158903802371e-08,-0.002922726315555512,-0.00012332723633311438,3.068174078897507e-05,-2.7185543122350674e-07,-8.422354309604096e-08,2.5265476791132844e-09
-2.938080718987901e-05,-1.1276545335209081e-07,2.4371007533226367e-08,-1.2883249493566498e-09,-1.9630010376224848e-07,1.449429171093952e-05,1.2671822228041578e-10,8.819515149638289e-12,0.00040405875365169335,6.399635145396908e-05,-6.222231337094593e-05,-1.8188993458561827e-09,-2.133427117753821,-1.9496122385508783e-12,-1.1947716271915177e-10,-5.91565503301569e-08,-6.8176670391819235e-09,6.612286521453531e-12,1.2207198850399866e-05,-1.1613850265135089e-11,6.400607012473121e-07,-5.614611419599582e-12,1.985302021181128e-08,-1.1205912979922988e-11,6.630654854062103e-08,-2.7461344164450922e-09,-2.120641553406918e-06,0.008234419705428927,-1.4914486143061294e-08,4.9125648809750905e-12
1.7902135471758796e-08,-2.4468671466470308e-11,-1.0284486700194137e-09,-0.0055531552179632964,-3.5829445492224434e-08,-4.82944910465389e-08,3.3338265931410597e-06,-3.448067867298288e-07,-9.811260840718573e-09,4.565167793548089e-16,-5.624013837181929e-10,6.183194719882083e-06,0.0001660148460895774,2.0869934714832998e-10,-9.584113392254506e-05,2.1075532849310546e-12,1.7474035393513011e-12,-9.966860545382497e-06,0.0037658025075551055,-7.761864487346896e-05,-1.5226860687519007e-07,4.995027371846788e-09,-2.673941907412617e-05,-3.3686183630255183e-12,-8.431362573677791e-05,-3.818034285467649e-06,0.09750837664211197,4.9886671081522534e-12,6.577862759508569e-07,5.041821031817579e-07
8.653327837965588e-05,0.00026078446924749407,5.065509729130937e-11,1.6800826176348557e-13,-3.609230974035469e-10,-1.1337337490314032e-08,3.3961262635061107e-09,-0.0009096493607622779,0.0005290401167204124,1.89197419187481e-09,-5.836947634971287e-08,1.88982478038681e-08,4.923455421983236e-09,-64.59909785421209,-3.3587834856317644e-10,-1.268096712940588e-06,0.0008224028390122119,-2.534773846851464e-07,-1.9839206436699125e-11,-9.864330691434438e-10,0.008049091088594404,6.3783981644052234e-09,-0.0001067152099883442,1.4287348147158148e-08,2.716060400046299e-08,-0.004841461734943924,-4.598329878372219e-07,-8.54630927288439e-10,-5.8116067915051184e-05,-1.6480580098210327e-07
-1.6549129711748369e-06,3.4449432258622667e-06,-1.7578023873139411e-06,-6.074325751822683e-05,-1.2827528809660748e-08,7.597432431178302e-05,-2.1634133372511385e-12,-0.005308089998768858,2.1738943334603387e-11,-1.3675548591824395e-11,-0.0005236441389934847,-6.519683835071337e-12,0.0006419446029459276,-8.192387267168013e-11,0.008178694587203291,1.4298318373945688e-10,-5.32024491071387e-05,6.250095004303325e-06,-1.151317448875625e-07,4.717373404206216e-07,-2.6104656034577217e-05,1.8323680640373045e-08,-9.444446714600124e-08,1.7092117404288885e-08,-1.9453791410131648e-05,-2.954711153887592e-05,6.69095700078827e-05,3.687364731294805e-05,1.1707361794581705e-05,-1.656831761187277e-08
-6.638970696762509e-13,1.2516422225355847e-07,3.527354654297144e-07,3.5565593495915705e-05,1.6846387979720375e-07,0.00015429135819553278,3.021720215358096e-10,-1.7237089348109829e-10,9.369772751197943e-10,4.751669022877855e-10,-1.4950052736449528e-11,1.2732908903135065e-05,6.371731386704648e-10,-1.1179205625711283e-16,1.6992232052312089e-13,2.2368113256528217e-06,1.730756737803842e-07,2.621553965266538e-06,1.3562741427995977e-08,8.250236600481348e-13,-1.1243049896664237e-06,3.1212257428550174e-14,3.126965383602213e-07,4.820311147740371e-09,-0.0020351583369975753,-9.754316450252956e-14,5.743634818165564e-06,3.999468197419334e-06,-1.1174718670337808e-08,2.0888093075225603e-10
2.6457399550756177e-11,6.888559497225958e-06,1.882127568654568e-06,-1.7678584075955544e-08,2.067439743164916e-13,5.903708959587308e-06,0.0017912219940920137,-3.661877041502934e-09,-4.6576953249582465e-06,-1.882318219555653e-14,4.7237632560505965e-08,6.030455208845579e-07,-2.537203131654528e-07,-1.51394366358743e-10,-1.9539677962101e-09,-1.3231619427668875e-09,-2.4351068669745943e-06,-1.292330975101859e-05,6.1295632518258e-07,1.104892042897188e-11,-0.005473285134053787,7.052741795873351e-06,2.810007980892995e-08,-3.940719885602258e-13,-0.07627431766750391,-2.0719674200699164e-05,-3.737850422684116e-09,-0.12487556953381325,-1.5901253975797152e-05,2.5706203620419346e-10
-2.267487060107141e-09,5.3652804238298354e-05,8.819725069126312e-07,-6.566037546937654e-06,9.634532700594153e-08,-8.289705712100017e-11,-1.3868342346876847e-07,-5.911883044299105e-06,-1.5022664071586437e-09,-1.25753501206047e-08,-2.2876787206601525e-07,-8.356172989285054e-06,-1.6809535662094782e-06,-4.035124394538233e-10,9.96676699755648e-09,1.6043927529341085e-07,1.183229490973802e-10,8.090510403331367e-10,1.2312879285473048e-06,-0.00015811909414279878,-5.528667492868541e-06,0.0013708344468477329,1.869488379662568e-11,-2.897323064132173e-07,-1.9202164333438828e-05,-1.6374401074572397e-08,-6.04210196649416e-06,6.90764400973154e-07,0.0048557142019299395,1.5180398170246426e-11
741.0713682847937,5.190142167112023e-09,0.004350801692757011,1.1768660870617847e-07,1.1669185088710225e-05,7.733391783414534e-08,2.479630614181064e-06,-1.4268843026617724e-08,-3.1368752033659263e-12,1.68894344314618e-12,-4.1586766281831483e-10,1.0261107577953414e-08,-3.276924344721737e-05,0.00017553039395222102,-1.6717167958532602e-06,-3.875755392734883e-09,-1.2232337221665496e-05,0.00012911641751053987,2.6420867925532358e-06,-3.7557853758375353e-06,2.418443685495901e-06,1.4824793458034383e-11,2.389416661499912e-10,2.9230514678364963e-08,-7.329431030446754e-08,-3.180134542557716e-07,1.4414814209421131e-08,2.131929287113073e-09,2.1726218605271582e-10,-2.0575870629092123e-09
-9.104229691298763e-09,-2.148927978067213e-07,0.10275246607696603,-5.830908145023559e-09,-1.5568567248055599e-06,5.542433662768644e-08,1.3466211001862888e-05,1.803873318450265e-05,-1.3225389782669866e-07,-7.922364689911371e-05,-5.46443045473234e-06,-8.416240248750125,-0.004612157558309338,-5.176973261558925e-06,-2.2680155026078447e-11,-3.5612711155349896e-09,-1.7653838108477055e-06,-0.022073963526356308,1.0500529458729068e-06,0.06125477209298402,-8.230040762206979e-06,1.9393814295039752e-10,-4.74517123603342e-23,2.576580999000789e-05,-3.202464642590691e-11,5.5304758998440775e-08,0.00030313765631972235,-3.7771921379126687e-07,-6.16948451285483e-08,-5.2243569343379074e-12
4.6868768967520064e-05,-7.666250977066754e-07,4.031835804964809e-08,-3.4022825118111e-08,-0.002847983670245231,3.69609399353247e-09,1.5333440776168586e-08,1.1496248957964684e-09,-2.040197265760692e-13,-1.820275371712048e-08,9.221764472053596e-09,0.0050893484502606825,1.2060138094295775e-08,0.00011873459497696875,-3.2507591063465416e-05,1.4566359925453933e-07,-0.00202073201428423,3.360082687742397e-07,5.7239056457780425e-06,2.359993441204838e-11,-4.658883776413384e-05,-0.0001531371808748694,-3.5599939778789505e-14,2.3759515140890737e-07,-4.7718247334173483e-08,-5.5891832425475464e-05,6.116304315561521e-05,-1.6505995485178304e-09,7.884591933851619e-09,-5.193601675048896e-06
-1.2248806083856705e-06,-0.00026723366745333443,1.702555136001853e-10,-3.862049408021222e-09,0.0003171817865165709,-3.809249749999723e-08,2.7396966864903623e-09,-1.5740468430057445e-08,-9.14182149855068e-07,-1.8502690414073276e-11,0.007172707318097249,1.8132994341160626e-09,6.126449673725888e-15,7.458161453947376e-07,-5.293781810698078e-13,-5.742720335402941e-05,3.1330433699699567e-07,-1.946557568645427e-12,4.3191134170306064e-10,2.039753575535881e-07,1.918765746705255e-10,2.8427599658916026e-07,1.766643962353783e-09,4.1835490583751006e-05,-0.0004403473915530455,1.7388577407141104e-09,-0.006626911160645346,-8.766115833274927e-07,1.514666707912248e-11,5.5065721481881314e-05
-5.0585069553977616e-11,9.855571124415093e-11,0.01888298996446264,3.3685998526637926e-09,-5.1071175744891786e-08,1.8985108446150478e-11,7.963140558172466e-07,-0.2351797235092168,-1.9600589766755e-10,3.3224842354342344e-11,-2.7049044394118516e-07,1.9687722843864128e-15,2.846421147811217e-09,-4.192917211980023e-15,-1.2263484823963808e-10,-0.0001829375402269794,1.3530968237665998e-07,1.6927511931914028e-07,-1.551794910903484e-07,-2.9441780156138264e-05,-3.0806438487420787e-12,-2.881095255767867e-17,-3.5375083166041656e-09,-3.863732401798408e-08,3.5817180724181936e-07,-4.73954105701919e-09,9.814085313455904e-09,8.515539673260663e-05,-3.8153823595758485e-08,-3.385875119322845e-10
2.4003616279985597e-06,5.6712972949533e-13,0.02192517087866573,5.866505947845336e-08,0.0012622984150399605,3.905844020990647e-05,-0.0035469929875120085,3.0528139480366363e-06,-2.0639958610726217e-09,4.937139208059811e-06,-2.260990702285523e-13,2.407332296516102e-07,4.834172165291463e-15,2.556086107653344e-10,-5.897835792397769e-07,1.1564374961354047e-06,-0.00016453972327594722,4.7618581619221856e-11,-5.337986016992417e-05,2.463049467461038e-09,-0.012811051774157516,-1.5363716323894933e-05,3.5794111371202774e-10,1.3464090316292745e-08,0.007648695765045634,-1.8951028226312488e-11,-0.00020135954200876103,-1.501465396572846e-06,-9.259740816832997e-10,-1.3428677798254178e-10
1.9429897662187206e-07,-3.7830910696264896e-07,-1.0755923730437613e-05,5.645801026626584e-09,2.375457444403344e-05,-5.136204531676816e-05,5.531979762218243e-11,7.578642789992794e-09,2.9432963398516172e-09,-2.705631797901249e-07,0.010842712411692972,-0.0011546124439939034,-6.411325074297841e-05,7.574309904797641e-06,-3.8466110580913865e-05,-4.211406292212967e-08,1.2001797678450085e-13,-2.015174899924282e-05,-0.00011217336352042066,1.4060664284040976e-05,-1.244092698372377e-06,8.605373932693649e-06,3.027369540004495e-06,2.139926544770895e-06,-2.288164102994166e-09,8.80376817454064e-08,-0.004956746232071226,1.0357693480272868e-06,-1.5787873507876145e-10,2.3115085586263044e-08
9.17940768631633e-13,3.854666707274741e-05,-5.413141281665478e-05,-0.00023108785753438009,1.4836139277622897e-06,-2.4547986054157863e-11,3.5971441028124985e-06,2.9596742293152416e-08,4.4465906057183134e-08,-6.676298919812096e-09,2.8265115712036078e-08,-1.594598825548598e-11,-9.229268745859824e-06,-1.3789749836265192e-06,-4.6492512779809516e-09,6.003963082073156e-10,0.00017987363743117584,0.0002701237190283825,0.0002220575944534664,-7.225343048463065e-14,4.484471898514642e-09,9.470647694264298e-05,0.009479318271463331,1.5155595024475835e-09,-6.1404284138302974e-06,-3.075358102203488e-09,-1.0090933827868342e-09,9.440469316188648e-13,1.2446924902873134e-07,-1.1114492310233542e-05
